Variable,KTU,Taxa,Category,Function,備註資料來源
1,H2,H2,Metabolites,Metabolites,
2,CO2,CO2,Metabolites,Metabolites,
3,CH4,CH4,Metabolites,Metabolites,
4,Formate,Formate,Metabolites,Metabolites,
5,Acetate,Acetate,Metabolites,Metabolites,
6,Propionate,Propionate,Metabolites,Metabolites,
7,Butyrate,Butyrate,Metabolites,Metabolites,
8,Isobutyrate,Isobutyrate,Metabolites,Metabolites,
9,Isovalerate,Isovalerate,Metabolites,Metabolites,
10,5003f615573473f649c3af53d4693bcd,d__Bacteria; p__Chloroflexi; c__Anaerolineae; o__SJA-15; f__SJA-15; g__SJA-15; s__uncultured_bacterium,FB,Fermentation bacteria (carbohydrate),https://www.sciencedirect.com/science/article/pii/S1385894721045964
11,90ae1bf9d720c1e1be4010abc0b4cbc4,d__Bacteria; p__Chloroflexi; c__Anaerolineae; o__Anaerolineales; f__Anaerolineaceae; g__Ornatilinea; s__uncultured_bacterium,FB,Fermentation bacteria (carbohydrate),https://www.microbiologyresearch.org/content/journal/ijsem/10.1099/ijs.0.041012-0
12,4bf37c7898da200aa778d692bf59b422,d__Bacteria; p__Chloroflexi; c__Anaerolineae; o__Anaerolineales; f__Anaerolineaceae; g__Leptolinea; s__Leptolinea_tardivitalis,FB,Fermentation bacteria (carbohydrate),https://pmc.ncbi.nlm.nih.gov/articles/PMC4653795/
13,3cf13450d9a71a4ec0cf20defe28e8ad,d__Bacteria; p__Chloroflexi; c__Anaerolineae; o__Anaerolineales; f__Anaerolineaceae; g__Leptolinea; s__uncultured_Chloroflexi,FB,Fermentation bacteria (carbohydrate),https://pmc.ncbi.nlm.nih.gov/articles/PMC4653795/
14,c8ed98329f390916db9bbd597e6b7d31,d__Bacteria; p__Chloroflexi; c__Anaerolineae; o__Anaerolineales; f__Anaerolineaceae; g__Anaerolineaceae_UCG-001; s__uncultured_bacterium,FB,Fermentation bacteria (carbohydrate),https://www.midasfieldguide.org/guide/fieldguide/genus/anaerolineaceae_ucg-001
15,ca84fe0fa5097c79316baa2b33f0005e,d__Bacteria; p__Chloroflexi; c__Anaerolineae; o__Anaerolineales; f__Anaerolineaceae; g__Pelolinea; s__uncultured_bacterium,FB,Fermentation bacteria (carbohydrate),https://www.researchgate.net/publication/258443528_Pelolinea_submarina_gen_nov_sp_nov_an_anaerobic_filamentous_bacterium_of_the_phylum_Chloroflexi_isolated_from_subseafloor_sediment
16,1006c16bda99de3f8c8a3da498b15c01,d__Bacteria; p__Chloroflexi; c__Anaerolineae; o__Ardenticatenales; f__uncultured; g__uncultured; s__uncultured_archaeon,Other,Fermentation bacteria (carbohydrate),
17,c4ccea2ee07544e175982081983c5457,d__Bacteria; p__Chloroflexi; c__Anaerolineae; o__Anaerolineales; f__Anaerolineaceae; g__Anaerolineaceae_UCG-001; s__uncultured_bacterium,FB,Fermentation bacteria (carbohydrate),https://www.midasfieldguide.org/guide/fieldguide/genus/anaerolineaceae_ucg-001
18,37205bbfecc835086afdbc83dca97502,d__Bacteria; p__Chloroflexi; c__Anaerolineae; o__Anaerolineales; f__Anaerolineaceae; g__uncultured; s__uncultured_organism,FB,Fermentation bacteria (carbohydrate),refer to d__Bacteria;p__Chloroflexi;c__Anaerolineae;o__Anaerolineales;f__Anaerolineaceae;g__Anaerolinea
19,4c87f22cd3e0b7cb6f6e0dcd376d665b,d__Bacteria; p__Chloroflexi; c__Anaerolineae; o__SBR1031; f__SBR1031; g__SBR1031; s__uncultured_bacterium,FB,Fermentation bacteria (carbohydrate),refer to d__Bacteria;p__Chloroflexi;c__Anaerolineae;o__Anaerolineales;f__Anaerolineaceae;g__Anaerolinea
20,9ba15641f46a616935f67fc07a977f5c,d__Bacteria; p__Chloroflexi; c__Anaerolineae; o__1-20; f__1-20; g__1-20; s__uncultured_bacterium,FB,Fermentation bacteria (carbohydrate),
21,d91f513c4e2359833a742eaaafafd3a2,d__Bacteria; p__Chloroflexi; c__Anaerolineae; o__uncultured; f__uncultured; g__uncultured,FB,Fermentation bacteria (carbohydrate),refer to d__Bacteria;p__Chloroflexi;c__Anaerolineae;o__Anaerolineales;f__Anaerolineaceae;g__Anaerolinea
22,22c30858b9e4777ff6f6c5edf5fb7dff,d__Bacteria; p__Chloroflexi; c__Anaerolineae; o__RBG-13-54-9; f__RBG-13-54-9; g__RBG-13-54-9; s__uncultured_bacterium,FB,Fermentation bacteria (carbohydrate),refer to d__Bacteria;p__Chloroflexi;c__Anaerolineae;o__Anaerolineales;f__Anaerolineaceae;g__Anaerolinea
23,d4c88509d885300a1aa306f9b3dd91fd,d__Bacteria; p__Chloroflexi; c__Anaerolineae; o__Ardenticatenales; f__uncultured; g__uncultured; s__uncultured_archaeon,Other,Fermentation bacteria (carbohydrate),
24,ecbce620bbd67fa4c2a2a4445107321e,d__Bacteria; p__Chloroflexi; c__Anaerolineae; o__SBR1031; f__SBR1031; g__SBR1031; s__uncultured_bacterium,FB,Fermentation bacteria (carbohydrate),refer to d__Bacteria;p__Chloroflexi;c__Anaerolineae;o__Anaerolineales;f__Anaerolineaceae;g__Anaerolinea
25,26c2420f8308331ac1ad0a11f55c7851,d__Bacteria; p__Chloroflexi; c__Anaerolineae; o__Anaerolineales; f__Anaerolineaceae; g__Leptolinea; s__uncultured_soil,FB,Fermentation bacteria (carbohydrate),https://pmc.ncbi.nlm.nih.gov/articles/PMC4653795/
26,204c229f7ac68ffbce03c5695f47ca55,d__Bacteria; p__Chloroflexi; c__Anaerolineae; o__Anaerolineales; f__Anaerolineaceae; g__Anaerolinea; s__uncultured_soil,FB,Fermentation bacteria (carbohydrate),https://www.microbiologyresearch.org/content/journal/ijsem/10.1099/ijs.0.64169-0
27,b68bbb200c15a9bf2b48fc4fd1ae431d,d__Bacteria; p__Chloroflexi; c__Anaerolineae; o__SBR1031; f__SBR1031; g__SBR1031; s__uncultured_bacterium,FB,Fermentation bacteria (carbohydrate),refer to d__Bacteria;p__Chloroflexi;c__Anaerolineae;o__Anaerolineales;f__Anaerolineaceae;g__Anaerolinea
28,074a2dc749c61f7e705838288f6582a3,d__Bacteria; p__Chloroflexi; c__Anaerolineae; o__SJA-15; f__SJA-15; g__SJA-15,FB,Fermentation bacteria (carbohydrate),refer to d__Bacteria;p__Chloroflexi;c__Anaerolineae;o__Anaerolineales;f__Anaerolineaceae;g__Anaerolinea
29,2c128e065955715f2ec9b6a826004431,d__Bacteria; p__Chloroflexi; c__Anaerolineae; o__Ardenticatenales; f__uncultured; g__uncultured; s__uncultured_bacterium,Other,Fermentation bacteria (carbohydrate),
30,2f7c0673eabfe32f3502f14d16d2a3f4,d__Bacteria; p__Chloroflexi; c__Anaerolineae; o__Anaerolineales; f__Anaerolineaceae; g__uncultured; s__uncultured_Chloroflexi,FB,Fermentation bacteria (carbohydrate),refer to d__Bacteria;p__Chloroflexi;c__Anaerolineae;o__Anaerolineales;f__Anaerolineaceae;g__Anaerolinea
31,2a9b5150a05897422c69130b6234a22e,d__Bacteria; p__Chloroflexi; c__Anaerolineae; o__SJA-15; f__SJA-15; g__SJA-15; s__uncultured_bacterium,FB,Fermentation bacteria (carbohydrate),https://www.sciencedirect.com/science/article/pii/S1385894721045964
32,8921f9668d8744941fe9c462f538afac,d__Bacteria; p__Chloroflexi; c__Anaerolineae; o__Anaerolineales; f__Anaerolineaceae; g__Leptolinea; s__uncultured_soil,FB,Fermentation bacteria (carbohydrate),https://pmc.ncbi.nlm.nih.gov/articles/PMC4653795/
33,1d0d1d12228b5b619f6dd39f3a803efc,d__Bacteria; p__Chloroflexi; c__Anaerolineae; o__Anaerolineales; f__Anaerolineaceae; g__Leptolinea,FB,Fermentation bacteria (carbohydrate),https://www.microbiologyresearch.org/content/journal/ijsem/10.1099/ijs.0.64169-0
34,b7010ec4abf0ce00468cd840f14a4c12,d__Bacteria; p__Chloroflexi; c__Anaerolineae; o__Anaerolineales; f__Anaerolineaceae; g__Leptolinea,FB,Fermentation bacteria (carbohydrate),https://www.microbiologyresearch.org/content/journal/ijsem/10.1099/ijs.0.64169-0
35,3b2543cf94ea49187606153f2377e79c,d__Bacteria; p__Chloroflexi; c__Anaerolineae; o__SJA-15; f__SJA-15; g__SJA-15; s__uncultured_bacterium,FB,Fermentation bacteria (carbohydrate),https://www.sciencedirect.com/science/article/pii/S1385894721045964
36,4114537cee10f1e18077431fc56826fb,d__Bacteria; p__Chloroflexi; c__Anaerolineae; o__SBR1031; f__SBR1031; g__SBR1031,FB,Fermentation bacteria (carbohydrate),refer to d__Bacteria;p__Chloroflexi;c__Anaerolineae;o__Anaerolineales;f__Anaerolineaceae;g__Anaerolinea
37,a2e38b45cceaa37e16a20e886538c107,d__Bacteria; p__Chloroflexi; c__Anaerolineae; o__SBR1031; f__SBR1031; g__SBR1031; s__uncultured_bacterium,FB,Fermentation bacteria (carbohydrate),refer to d__Bacteria;p__Chloroflexi;c__Anaerolineae;o__Anaerolineales;f__Anaerolineaceae;g__Anaerolinea
38,f91f1c76cc1597ea0bf732284b2566c0,d__Bacteria; p__Chloroflexi; c__Anaerolineae; o__SBR1031; f__SBR1031; g__SBR1031; s__uncultured_bacterium,FB,Fermentation bacteria (carbohydrate),refer to d__Bacteria;p__Chloroflexi;c__Anaerolineae;o__Anaerolineales;f__Anaerolineaceae;g__Anaerolinea
39,31856ab251b8add53ed14540000158b1,d__Bacteria; p__Chloroflexi; c__Anaerolineae; o__Anaerolineales; f__Anaerolineaceae; g__uncultured,FB,Fermentation bacteria (carbohydrate),refer to d__Bacteria;p__Chloroflexi;c__Anaerolineae;o__Anaerolineales;f__Anaerolineaceae;g__Anaerolinea
40,10598a94dce2b8f419809933f0812bcd,d__Bacteria; p__Chloroflexi; c__Anaerolineae; o__Ardenticatenales; f__uncultured; g__uncultured; s__uncultured_organism,Other,Fermentation bacteria (carbohydrate),
41,bc686aa834c76541b72246806574184f,d__Bacteria; p__Chloroflexi; c__Anaerolineae; o__SBR1031; f__SBR1031; g__SBR1031; s__uncultured_bacterium,FB,Fermentation bacteria (carbohydrate),refer to d__Bacteria;p__Chloroflexi;c__Anaerolineae;o__Anaerolineales;f__Anaerolineaceae;g__Anaerolinea
42,824441412f79bb93bab79fdfa4a05e49,d__Bacteria; p__Chloroflexi; c__Anaerolineae; o__ADurb.Bin180; f__ADurb.Bin180; g__ADurb.Bin180,FB,Fermentation bacteria (carbohydrate),refer to d__Bacteria;p__Chloroflexi;c__Anaerolineae;o__Anaerolineales;f__Anaerolineaceae;g__Anaerolinea
43,7dc28eac3075f643debabf3d6ddeac17,d__Bacteria; p__Chloroflexi; c__Anaerolineae; o__Anaerolineales; f__Anaerolineaceae; g__Pelolinea,FB,Fermentation bacteria (carbohydrate),https://www.researchgate.net/publication/258443528_Pelolinea_submarina_gen_nov_sp_nov_an_anaerobic_filamentous_bacterium_of_the_phylum_Chloroflexi_isolated_from_subseafloor_sediment
44,4dcc556fa35e5d33f2d1fb6ecbf80fa0,d__Bacteria; p__Chloroflexi; c__Anaerolineae; o__Anaerolineales; f__Anaerolineaceae; g__uncultured; s__uncultured_Chloroflexi,FB,Fermentation bacteria (carbohydrate),refer to d__Bacteria;p__Chloroflexi;c__Anaerolineae;o__Anaerolineales;f__Anaerolineaceae;g__Anaerolinea
45,193b6ea2fdde02b3d62e98a5271c3ae3,d__Bacteria; p__Chloroflexi; c__Anaerolineae; o__RBG-13-54-9; f__RBG-13-54-9; g__RBG-13-54-9; s__uncultured_bacterium,FB,Fermentation bacteria (carbohydrate),refer to d__Bacteria;p__Chloroflexi;c__Anaerolineae;o__Anaerolineales;f__Anaerolineaceae;g__Anaerolinea
46,4a7061d233a403350d3a7743f24c66b7,d__Bacteria; p__Chloroflexi; c__Anaerolineae; o__SJA-15; f__SJA-15; g__SJA-15,FB,Fermentation bacteria (carbohydrate),refer to d__Bacteria;p__Chloroflexi;c__Anaerolineae;o__Anaerolineales;f__Anaerolineaceae;g__Anaerolinea
47,87216ae74481661daaff74deb053cd0e,d__Bacteria; p__Chloroflexi; c__Anaerolineae; o__Anaerolineales; f__Anaerolineaceae; g__Pelolinea; s__uncultured_bacterium,FB,Fermentation bacteria (carbohydrate),https://www.researchgate.net/publication/258443528_Pelolinea_submarina_gen_nov_sp_nov_an_anaerobic_filamentous_bacterium_of_the_phylum_Chloroflexi_isolated_from_subseafloor_sediment
48,c443676f32a4347c0a752bad5a62c30e,d__Bacteria; p__Chloroflexi; c__Anaerolineae; o__Anaerolineales; f__Anaerolineaceae; g__Longilinea; s__uncultured_bacterium,FB,Fermentation bacteria (carbohydrate),https://www.microbiologyresearch.org/content/journal/ijsem/10.1099/ijs.0.65098-0
49,21776c9bd39f6c0a9f4e0ed0dca56a43,d__Bacteria; p__Chloroflexi; c__Anaerolineae; o__Ardenticatenales; f__uncultured; g__uncultured; s__uncultured_archaeon,Other,Fermentation bacteria (carbohydrate),
50,6a8a451fdbb4ced529f1c1e858559a0a,d__Bacteria; p__Chloroflexi; c__Anaerolineae; o__Anaerolineales; f__Anaerolineaceae; g__uncultured; s__uncultured_Anaerolineae,FB,Fermentation bacteria (carbohydrate),refer to d__Bacteria;p__Chloroflexi;c__Anaerolineae;o__Anaerolineales;f__Anaerolineaceae;g__Anaerolinea
51,fd314f4a8aab1abc3421c993ba5b4b0b,d__Bacteria; p__Chloroflexi; c__Anaerolineae; o__RBG-13-54-9; f__RBG-13-54-9; g__RBG-13-54-9; s__uncultured_bacterium,FB,Fermentation bacteria (carbohydrate),refer to d__Bacteria;p__Chloroflexi;c__Anaerolineae;o__Anaerolineales;f__Anaerolineaceae;g__Anaerolinea
52,f7428e14dfa55275f395fa3e311c151f,d__Bacteria; p__Chloroflexi; c__Anaerolineae; o__SBR1031; f__SBR1031; g__SBR1031; s__uncultured_bacterium,FB,Fermentation bacteria (carbohydrate),refer to d__Bacteria;p__Chloroflexi;c__Anaerolineae;o__Anaerolineales;f__Anaerolineaceae;g__Anaerolinea
53,c8fbedbecca63118bbb1003415f3aa66,d__Bacteria; p__Chloroflexi; c__Anaerolineae; o__Anaerolineales; f__Anaerolineaceae,FB,Fermentation bacteria (carbohydrate),refer to d__Bacteria;p__Chloroflexi;c__Anaerolineae;o__Anaerolineales;f__Anaerolineaceae;g__Anaerolinea
54,522e1ed10c8aa1a77641d4bf77704d1e,d__Bacteria; p__Chloroflexi; c__Anaerolineae; o__SBR1031; f__SBR1031; g__SBR1031,FB,Fermentation bacteria (carbohydrate),refer to d__Bacteria;p__Chloroflexi;c__Anaerolineae;o__Anaerolineales;f__Anaerolineaceae;g__Anaerolinea
55,f00b807611290fa4b084f2a3d20b81d1,d__Bacteria; p__Chloroflexi; c__Anaerolineae; o__SBR1031; f__SBR1031; g__SBR1031; s__uncultured_bacterium,FB,Fermentation bacteria (carbohydrate),refer to d__Bacteria;p__Chloroflexi;c__Anaerolineae;o__Anaerolineales;f__Anaerolineaceae;g__Anaerolinea
56,3df297a6eb577f68f953d7f054869b80,d__Bacteria; p__Chloroflexi; c__Anaerolineae; o__SJA-15; f__SJA-15; g__SJA-15,FB,Fermentation bacteria (carbohydrate),refer to d__Bacteria;p__Chloroflexi;c__Anaerolineae;o__Anaerolineales;f__Anaerolineaceae;g__Anaerolinea
57,564386f39768e194dbd2065d3327bc73,d__Bacteria; p__Chloroflexi; c__Anaerolineae; o__SBR1031; f__A4b; g__A4b,FB,Fermentation bacteria (carbohydrate),refer to d__Bacteria;p__Chloroflexi;c__Anaerolineae;o__Anaerolineales;f__Anaerolineaceae;g__Anaerolinea
58,00dab28ee20250d7c9c227f971633cda,d__Bacteria; p__Chloroflexi; c__Anaerolineae; o__SBR1031; f__SBR1031; g__SBR1031; s__uncultured_bacterium,FB,Fermentation bacteria (carbohydrate),refer to d__Bacteria;p__Chloroflexi;c__Anaerolineae;o__Anaerolineales;f__Anaerolineaceae;g__Anaerolinea
59,b19e67fa0005d48ab52e0dfe7ee5afb8,d__Bacteria; p__Chloroflexi; c__Anaerolineae; o__Anaerolineales; f__Anaerolineaceae; g__uncultured,FB,Fermentation bacteria (carbohydrate),refer to d__Bacteria;p__Chloroflexi;c__Anaerolineae;o__Anaerolineales;f__Anaerolineaceae;g__Anaerolinea
60,43d615673d501bcbb19a8e3cb0766ad4,d__Bacteria; p__Chloroflexi; c__Anaerolineae; o__SBR1031; f__SBR1031; g__SBR1031; s__uncultured_bacterium,FB,Fermentation bacteria (carbohydrate),refer to d__Bacteria;p__Chloroflexi;c__Anaerolineae;o__Anaerolineales;f__Anaerolineaceae;g__Anaerolinea
61,38fdea0374be9c2a3549ac2be7678d6d,d__Bacteria; p__Chloroflexi; c__Anaerolineae; o__RBG-13-54-9; f__RBG-13-54-9; g__RBG-13-54-9,FB,Fermentation bacteria (carbohydrate),refer to d__Bacteria;p__Chloroflexi;c__Anaerolineae;o__Anaerolineales;f__Anaerolineaceae;g__Anaerolinea
62,4a819fac1999317aded5d3f89365b14a,d__Bacteria; p__Chloroflexi; c__Anaerolineae; o__Anaerolineales; f__Anaerolineaceae; g__Longilinea; s__uncultured_Longilinea,FB,Fermentation bacteria (carbohydrate),https://www.microbiologyresearch.org/content/journal/ijsem/10.1099/ijs.0.65098-0
63,1c21c3efba2a987e6fe6c4fb560e0d6f,d__Bacteria; p__Chloroflexi; c__Anaerolineae; o__SBR1031; f__A4b; g__A4b; s__uncultured_bacterium,FB,Fermentation bacteria (carbohydrate),refer to d__Bacteria;p__Chloroflexi;c__Anaerolineae;o__Anaerolineales;f__Anaerolineaceae;g__Anaerolinea
64,1f200f3c191913b013442cf8e1690f30,d__Bacteria; p__Chloroflexi; c__Anaerolineae; o__SBR1031; f__A4b; g__A4b,FB,Fermentation bacteria (carbohydrate),refer to d__Bacteria;p__Chloroflexi;c__Anaerolineae;o__Anaerolineales;f__Anaerolineaceae;g__Anaerolinea
65,dae0956aae206f38cc46448660a6930a,d__Bacteria; p__Chloroflexi; c__Anaerolineae; o__Anaerolineales; f__Anaerolineaceae; g__Levilinea; s__Levilinea_saccharolytica,FB,Fermentation bacteria (carbohydrate),https://pmc.ncbi.nlm.nih.gov/articles/PMC4653796/
66,d78d803697175b847106535960939dfd,d__Bacteria; p__Chloroflexi; c__Anaerolineae; o__SBR1031; f__SBR1031; g__SBR1031; s__uncultured_bacterium,FB,Fermentation bacteria (carbohydrate),refer to d__Bacteria;p__Chloroflexi;c__Anaerolineae;o__Anaerolineales;f__Anaerolineaceae;g__Anaerolinea
67,d6754ec0c0906f9113e349c9398fc6bc,d__Bacteria; p__Chloroflexi; c__Anaerolineae; o__SBR1031; f__SBR1031; g__SBR1031,FB,Fermentation bacteria (carbohydrate),refer to d__Bacteria;p__Chloroflexi;c__Anaerolineae;o__Anaerolineales;f__Anaerolineaceae;g__Anaerolinea
68,ebee5f214715de4aa5c77c2a5aa70c7c,d__Bacteria; p__Chloroflexi; c__Anaerolineae; o__SBR1031; f__SBR1031; g__SBR1031; s__anaerobic_bacterium,FB,Fermentation bacteria (carbohydrate),refer to d__Bacteria;p__Chloroflexi;c__Anaerolineae;o__Anaerolineales;f__Anaerolineaceae;g__Anaerolinea
69,99e37e4a70eeaa80310b36b124b796e3,d__Bacteria; p__Chloroflexi; c__Anaerolineae; o__Anaerolineales; f__Anaerolineaceae; g__Leptolinea; s__uncultured_bacterium,FB,Fermentation bacteria (carbohydrate),https://pmc.ncbi.nlm.nih.gov/articles/PMC4653795/
70,031693a991eaa6cc738280a9a86feaf2,d__Bacteria; p__Chloroflexi; c__Anaerolineae; o__Anaerolineales; f__Anaerolineaceae; g__Anaerolinea; s__uncultured_Chloroflexi,FB,Fermentation bacteria (carbohydrate),https://www.microbiologyresearch.org/content/journal/ijsem/10.1099/ijs.0.64169-0
71,35befde42dfa89e848c5ac1846750841,d__Bacteria; p__Chloroflexi; c__Anaerolineae; o__RBG-13-54-9; f__RBG-13-54-9; g__RBG-13-54-9; s__metagenome,FB,Fermentation bacteria (carbohydrate),refer to d__Bacteria;p__Chloroflexi;c__Anaerolineae;o__Anaerolineales;f__Anaerolineaceae;g__Anaerolinea
72,46fce1252edc53afe48d7ae54b6b5733,d__Bacteria; p__Chloroflexi; c__Anaerolineae; o__Anaerolineales; f__Anaerolineaceae; g__Leptolinea; s__uncultured_bacterium,FB,Fermentation bacteria (carbohydrate),https://pmc.ncbi.nlm.nih.gov/articles/PMC4653795/
73,5096769bff62299c37335bc433714cf4,d__Bacteria; p__Chloroflexi; c__KD4-96; o__KD4-96; f__KD4-96; g__KD4-96,FB,Dark matter bacteria,https://pmc.ncbi.nlm.nih.gov/articles/PMC8131844/
74,05f98ca009fa0de3e822b3831e58bd44,d__Bacteria; p__Chloroflexi; c__Anaerolineae; o__SJA-15; f__SJA-15; g__SJA-15; s__uncultured_Chloroflexi,FB,Fermentation bacteria (carbohydrate),https://www.sciencedirect.com/science/article/pii/S1385894721045964
75,8ec7126f0f307a696799a7e2b4e688bd,d__Bacteria; p__Chloroflexi; c__Anaerolineae; o__Anaerolineales; f__Anaerolineaceae; g__uncultured; s__uncultured_Chloroflexi,FB,Fermentation bacteria (carbohydrate),refer to d__Bacteria;p__Chloroflexi;c__Anaerolineae;o__Anaerolineales;f__Anaerolineaceae;g__Anaerolinea
76,685a06c480c8512cad2bba3e5b066bdb,d__Bacteria; p__Chloroflexi; c__Anaerolineae; o__Anaerolineales; f__Anaerolineaceae; g__Flexilinea,FB,Fermentation bacteria (carbohydrate),https://www.microbiologyresearch.org/content/journal/ijsem/10.1099/ijsem.0.000822
77,6635b581fccdc1ba94c21978aa862855,d__Bacteria; p__Chloroflexi; c__Anaerolineae; o__Anaerolineales; f__Anaerolineaceae; g__uncultured; s__uncultured_Chloroflexi,FB,Fermentation bacteria (carbohydrate),refer to d__Bacteria;p__Chloroflexi;c__Anaerolineae;o__Anaerolineales;f__Anaerolineaceae;g__Anaerolinea
78,4fd77a753c37a6bf1fc411ad90b5232d,d__Bacteria; p__Chloroflexi; c__Dehalococcoidia; o__GIF9; f__AB-539-J10; g__AB-539-J10; s__uncultured_organism,Other,Other,https://pmc.ncbi.nlm.nih.gov/articles/PMC11199495/
79,bebbf06c301801b189b22b9e09adaed2,d__Bacteria; p__Chloroflexi; c__Anaerolineae; o__Anaerolineales; f__Anaerolineaceae; g__uncultured,FB,Fermentation bacteria (carbohydrate),refer to d__Bacteria;p__Chloroflexi;c__Anaerolineae;o__Anaerolineales;f__Anaerolineaceae;g__Anaerolinea
80,8fa90e60ddaccabffcd68f6a481318a2,d__Bacteria; p__Chloroflexi; c__Anaerolineae; o__RBG-13-54-9; f__RBG-13-54-9; g__RBG-13-54-9; s__uncultured_bacterium,FB,Fermentation bacteria (carbohydrate),refer to d__Bacteria;p__Chloroflexi;c__Anaerolineae;o__Anaerolineales;f__Anaerolineaceae;g__Anaerolinea
81,54e5f40cb8dbd0ee96dcad7a80e4b6e9,d__Bacteria; p__Chloroflexi; c__Anaerolineae; o__ADurb.Bin180; f__ADurb.Bin180; g__ADurb.Bin180; s__uncultured_bacterium,FB,Fermentation bacteria (carbohydrate),refer to d__Bacteria;p__Chloroflexi;c__Anaerolineae;o__Anaerolineales;f__Anaerolineaceae;g__Anaerolinea
82,9413dd54243692b250670640c660758d,d__Bacteria; p__Chloroflexi; c__Anaerolineae; o__SBR1031; f__SBR1031; g__SBR1031; s__uncultured_bacterium,FB,Fermentation bacteria (carbohydrate),refer to d__Bacteria;p__Chloroflexi;c__Anaerolineae;o__Anaerolineales;f__Anaerolineaceae;g__Anaerolinea
83,50ad4afbb9786840e08a5a8538cc2523,d__Bacteria; p__Chloroflexi; c__Anaerolineae; o__Anaerolineales; f__Anaerolineaceae; g__Anaerolinea; s__uncultured_bacterium,FB,Fermentation bacteria (carbohydrate),https://www.microbiologyresearch.org/content/journal/ijsem/10.1099/ijs.0.64169-0
84,da8c7669421373568839323c99a85ba4,d__Bacteria; p__Chloroflexi; c__Anaerolineae; o__SBR1031; f__SBR1031; g__SBR1031; s__uncultured_bacterium,FB,Fermentation bacteria (carbohydrate),refer to d__Bacteria;p__Chloroflexi;c__Anaerolineae;o__Anaerolineales;f__Anaerolineaceae;g__Anaerolinea
85,2da2417f84f5985fff8974fbde05cbfb,d__Bacteria; p__Chloroflexi; c__Anaerolineae; o__RBG-13-54-9; f__RBG-13-54-9; g__RBG-13-54-9; s__uncultured_Chloroflexi,FB,Fermentation bacteria (carbohydrate),refer to d__Bacteria;p__Chloroflexi;c__Anaerolineae;o__Anaerolineales;f__Anaerolineaceae;g__Anaerolinea
86,f532b515c4ee2de37a3dd2547fb918be,d__Bacteria; p__Chloroflexi; c__Anaerolineae; o__Anaerolineales; f__Anaerolineaceae; g__Anaerolinea; s__uncultured_bacterium,FB,Fermentation bacteria (carbohydrate),https://www.microbiologyresearch.org/content/journal/ijsem/10.1099/ijs.0.64169-0
87,6a50370508ef4429c0cae49dd5e46e94,d__Bacteria; p__Chloroflexi; c__Anaerolineae; o__SBR1031; f__SBR1031; g__SBR1031; s__uncultured_bacterium,FB,Fermentation bacteria (carbohydrate),refer to d__Bacteria;p__Chloroflexi;c__Anaerolineae;o__Anaerolineales;f__Anaerolineaceae;g__Anaerolinea
88,500e127bbcc825015925203909e9459a,d__Bacteria; p__Chloroflexi; c__Anaerolineae; o__Anaerolineales; f__Anaerolineaceae; g__Pelolinea; s__uncultured_Chloroflexi,FB,Fermentation bacteria (carbohydrate),https://www.researchgate.net/publication/258443528_Pelolinea_submarina_gen_nov_sp_nov_an_anaerobic_filamentous_bacterium_of_the_phylum_Chloroflexi_isolated_from_subseafloor_sediment
89,2c7785626a5744b71d3640ffce1acffd,d__Bacteria; p__Chloroflexi; c__Anaerolineae; o__SBR1031; f__SBR1031; g__SBR1031; s__uncultured_bacterium,FB,Fermentation bacteria (carbohydrate),refer to d__Bacteria;p__Chloroflexi;c__Anaerolineae;o__Anaerolineales;f__Anaerolineaceae;g__Anaerolinea
90,43c944338e9f3b7dbdf05108887a754a,d__Bacteria; p__Chloroflexi; c__Anaerolineae; o__Anaerolineales; f__Anaerolineaceae; g__uncultured; s__uncultured_anaerobic,FB,Fermentation bacteria (carbohydrate),refer to d__Bacteria;p__Chloroflexi;c__Anaerolineae;o__Anaerolineales;f__Anaerolineaceae;g__Anaerolinea
91,3f518ec77e945a6a2d8f55d14391f28e,d__Bacteria; p__Chloroflexi; c__Anaerolineae; o__Anaerolineales; f__Anaerolineaceae,FB,Fermentation bacteria (carbohydrate),refer to d__Bacteria;p__Chloroflexi;c__Anaerolineae;o__Anaerolineales;f__Anaerolineaceae;g__Anaerolinea
92,4a4ad0a34fe054a41cd0c645cff49195,d__Bacteria; p__Chloroflexi; c__Anaerolineae; o__ADurb.Bin180; f__ADurb.Bin180; g__ADurb.Bin180; s__uncultured_bacterium,FB,Fermentation bacteria (carbohydrate),refer to d__Bacteria;p__Chloroflexi;c__Anaerolineae;o__Anaerolineales;f__Anaerolineaceae;g__Anaerolinea
93,74093d5f8d246573f4cfa1eb67446fce,d__Bacteria; p__Chloroflexi; c__Anaerolineae; o__Anaerolineales; f__Anaerolineaceae; g__Ornatilinea; s__uncultured_bacterium,FB,Fermentation bacteria (carbohydrate),https://www.microbiologyresearch.org/content/journal/ijsem/10.1099/ijs.0.041012-0
94,34c806506e8daa196f0a2513a48b8994,d__Bacteria; p__Chloroflexi; c__Anaerolineae; o__SBR1031; f__SBR1031; g__SBR1031; s__anaerobic_bacterium,FB,Fermentation bacteria (carbohydrate),refer to d__Bacteria;p__Chloroflexi;c__Anaerolineae;o__Anaerolineales;f__Anaerolineaceae;g__Anaerolinea
95,c04c87571f70ac9b383a07970095f79a,d__Bacteria; p__Chloroflexi; c__Anaerolineae; o__Anaerolineales; f__Anaerolineaceae; g__uncultured; s__uncultured_Chloroflexi,FB,Fermentation bacteria (carbohydrate),refer to d__Bacteria;p__Chloroflexi;c__Anaerolineae;o__Anaerolineales;f__Anaerolineaceae;g__Anaerolinea
96,49871a1a2993c3a98a3bdb6cac784c4a,d__Bacteria; p__Chloroflexi; c__Anaerolineae; o__SBR1031; f__SBR1031; g__SBR1031; s__uncultured_bacterium,FB,Fermentation bacteria (carbohydrate),refer to d__Bacteria;p__Chloroflexi;c__Anaerolineae;o__Anaerolineales;f__Anaerolineaceae;g__Anaerolinea
97,280b96bd489933b54305bb026db164a2,d__Bacteria; p__Firmicutes; c__Clostridia; o__Clostridiales; f__Clostridiaceae; g__Clostridium_sensu_stricto_6; s__uncultured_bacterium,FB,Fermentation bacteria (carbohydrate),https://pubmed.ncbi.nlm.nih.gov/36535584/
98,45b6a23e4197ec3bbbc3f4a4711c5771,d__Bacteria; p__Firmicutes; c__Clostridia; o__Clostridiales; f__Clostridiaceae; g__Clostridium_sensu_stricto_12; s__Clostridium_pasteurianum,FB,Fermentation bacteria (carbohydrate),https://pubmed.ncbi.nlm.nih.gov/36535584/
99,7d066a2d2ab27978f261dbdb47db14e6,d__Bacteria; p__Firmicutes; c__Clostridia; o__Clostridiales; f__Clostridiaceae; g__Clostridium_sensu_stricto_3; s__uncultured_bacterium,FB,Fermentation bacteria (carbohydrate),https://pubmed.ncbi.nlm.nih.gov/36535584/
100,fbfabd5c9c8095048b7edd25903fba81,d__Bacteria; p__Firmicutes; c__Bacilli; o__Lactobacillales; f__Streptococcaceae; g__Streptococcus,FB,Fermentation bacteria (carbohydrate),https://pmc.ncbi.nlm.nih.gov/articles/PMC7272703/
101,528fb50e8429117f76a3cd732e5b2ee2,d__Bacteria; p__Firmicutes; c__Negativicutes; o__Veillonellales-Selenomonadales,FB,Fermentation bacteria (amino acid),https://pmc.ncbi.nlm.nih.gov/articles/PMC248505/
102,c0aaf2ab7f658e3790a827eb1ef93dec,d__Bacteria; p__Firmicutes; c__Negativicutes; o__Veillonellales-Selenomonadales; f__Sporomusaceae; g__uncultured; s__uncultured_bacterium,FB,Fermentation bacteria (amino acid),https://pmc.ncbi.nlm.nih.gov/articles/PMC248505/
103,fbc484f3485a074c177d0c22431f024a,d__Bacteria; p__Firmicutes; c__Clostridia; o__Christensenellales; f__Christensenellaceae; g__Christensenellaceae_R-7_group,FB,Fermentation bacteria (carbohydrate),https://www.sciencedirect.com/science/article/pii/S2405654524000349
104,a66cd3c5b039e228af73fd02493cc867,d__Bacteria; p__Firmicutes; c__Clostridia; o__Clostridia; f__Gracilibacteraceae; g__Gracilibacter; s__uncultured_bacterium,FB,Fermentation bacteria (amino acid),https://pmc.ncbi.nlm.nih.gov/articles/PMC9491188/
105,0d1f62d4f2f7227766a17f0340567129,d__Bacteria; p__Firmicutes; c__Syntrophomonadia; o__Syntrophomonadales; f__Syntrophomonadaceae; g__Syntrophomonas,SB,Syntrophic bacteria,DOI:10.1007/BF00417154
106,979f49610387f40cb2b90e4cf3e43418,d__Bacteria; p__Firmicutes; c__Negativicutes; o__Veillonellales-Selenomonadales; f__Sporomusaceae; g__uncultured; s__uncultured_Veillonellaceae,FB,Fermentation bacteria (amino acid),https://pmc.ncbi.nlm.nih.gov/articles/PMC248505/
107,57f04f6fe82fca5ec7e3e060a8fe44ca,d__Bacteria; p__Firmicutes; c__Negativicutes; o__Veillonellales-Selenomonadales; f__Sporomusaceae; g__Anaeromusa-Anaeroarcus; s__uncultured_bacterium,FB,Fermentation bacteria (amino acid),https://pmc.ncbi.nlm.nih.gov/articles/PMC248505/
108,a66175a445c2309bcb228e9e57aa9096,d__Bacteria; p__Firmicutes; c__Clostridia; o__Clostridia; f__Hungateiclostridiaceae; g__uncultured,FB,Fermentation bacteria (carbohydrate),https://pubmed.ncbi.nlm.nih.gov/36535584/
109,af90b002aba431549f344402f022592c,d__Bacteria; p__Firmicutes; c__Negativicutes; o__Veillonellales-Selenomonadales,FB,Fermentation bacteria (amino acid),https://pmc.ncbi.nlm.nih.gov/articles/PMC248505/
110,c1fd87b0473cbe1c247846046f2c2d56,d__Bacteria; p__Firmicutes; c__Negativicutes; o__Veillonellales-Selenomonadales; f__Sporomusaceae; g__uncultured; s__uncultured_bacterium,FB,Fermentation bacteria (amino acid),https://pmc.ncbi.nlm.nih.gov/articles/PMC248505/
111,ce0442368216e2d0de5614f15dc2f91c,d__Bacteria; p__Firmicutes; c__Clostridia; o__Clostridiales; f__Clostridiaceae; g__Clostridium_sensu_stricto_1; s__Clostridium_beijerinckii,FB,Fermentation bacteria (carbohydrate),https://pubmed.ncbi.nlm.nih.gov/36535584/
112,9b81b6e45f605a8664136716c1f36aa2,d__Bacteria; p__Firmicutes; c__Clostridia; o__Eubacteriales; f__Anaerofustaceae; g__Anaerofustis; s__uncultured_bacterium,FB,Fermentation bacteria (carbohydrate),https://pubmed.ncbi.nlm.nih.gov/16701499/
113,5aaced613b929747914e361fd51ace4f,d__Bacteria; p__Firmicutes; c__Negativicutes; o__Veillonellales-Selenomonadales; f__Sporomusaceae; g__uncultured; s__uncultured_bacterium,FB,Fermentation bacteria (amino acid),https://pmc.ncbi.nlm.nih.gov/articles/PMC248505/
114,214d25f2bf9a0f1f68c8b87cb3fcc373,d__Bacteria; p__Firmicutes; c__Clostridia; o__Christensenellales; f__Christensenellaceae; g__Christensenellaceae_R-7_group,FB,Fermentation bacteria (carbohydrate),https://www.sciencedirect.com/science/article/pii/S2405654524000349
115,e6c96175a726aede328719f4acd17bd7,d__Bacteria; p__Firmicutes,Other,Other,
116,72b9333c64a5c238781800a85b9fae5d,d__Bacteria; p__Firmicutes; c__Clostridia; o__Christensenellales; f__Christensenellaceae; g__Christensenellaceae_R-7_group; s__uncultured_bacterium,FB,Fermentation bacteria (carbohydrate),https://bmcbiol.biomedcentral.com/articles/10.1186/s12915-019-0699-4
117,32e4d59a159f655a110ca3ca17fe75d6,d__Bacteria; p__Firmicutes; c__Negativicutes; o__Veillonellales-Selenomonadales; f__uncultured; g__uncultured,FB,Dark matter bacteria,https://pmc.ncbi.nlm.nih.gov/articles/PMC248505/
118,a76c8c5e3f86f2d50753b3243b41aecd,d__Bacteria; p__Firmicutes; c__Desulfotomaculia; o__Desulfotomaculales; f__Desulfotomaculales; g__Cryptanaerobacter,SB,Syntrophic bacteria,https://pubmed.ncbi.nlm.nih.gov/15653882/
119,6fab1ef3879e60d68dca946aa89a343a,d__Bacteria; p__Firmicutes; c__Bacilli; o__Bacillales; f__Sporolactobacillaceae; g__Sporolactobacillus,FB,Fermentation bacteria (carbohydrate),https://www.sciencedirect.com/topics/immunology-and-microbiology/sporolactobacillus
120,370bd2684acc54c6b9aac8cfffb8e363,d__Bacteria; p__Firmicutes; c__Clostridia; o__Clostridia_UCG-014; f__Clostridia_UCG-014; g__Clostridia_UCG-014; s__uncultured_bacterium,FB,Fermentation bacteria (carbohydrate),https://pubmed.ncbi.nlm.nih.gov/36535584/
121,40e31d8d948016a5154bcab9c22ab2e1,d__Bacteria; p__Firmicutes; c__Clostridia; o__Christensenellales; f__Christensenellaceae; g__Christensenellaceae_R-7_group; s__iron-reducing_bacterium,FB,Fermentation bacteria (carbohydrate),https://www.sciencedirect.com/science/article/pii/S2405654524000349
122,5cc2f6bf4c5a6e3b03c56dd2a1ef1e5a,d__Bacteria; p__Firmicutes,Other,Other,
123,8ba4725a4551e0ef9ed940cdfab02b1c,d__Bacteria; p__Firmicutes; c__Clostridia; o__Christensenellales; f__Christensenellaceae; g__Christensenellaceae_R-7_group; s__unidentified_eubacterium,FB,Fermentation bacteria (carbohydrate),https://www.sciencedirect.com/science/article/pii/S2405654524000349
124,83a45a7c934f94a2155b1905b3a5322a,d__Bacteria; p__Firmicutes; c__Clostridia; o__Christensenellales; f__Christensenellaceae; g__Christensenellaceae_R-7_group,FB,Fermentation bacteria (carbohydrate),https://www.sciencedirect.com/science/article/pii/S2405654524000349
125,27d9c6584394b7eb8fb1e135ec388c73,d__Bacteria; p__Firmicutes,Other,Other,
126,6efa8a0818ad94fdcc7a99bc102fd44d,d__Bacteria; p__Firmicutes; c__Syntrophomonadia; o__Syntrophomonadales; f__Syntrophomonadaceae; g__Syntrophomonas,SB,Syntrophic bacteria,DOI:10.1007/BF00417154
127,829a65b5a9b22aa896d57709dcfbdfd7,d__Bacteria; p__Firmicutes; c__Clostridia; o__Christensenellales; f__Christensenellaceae; g__Christensenellaceae_R-7_group,FB,Fermentation bacteria (carbohydrate),https://www.sciencedirect.com/science/article/pii/S2405654524000349
128,002f5c8e8a6f19eb5e47111d9534aca8,d__Bacteria; p__Firmicutes; c__Clostridia; o__Peptostreptococcales-Tissierellales; f__Anaerovoracaceae; g__Anaerovorax; s__uncultured_Anaerovorax,FB,Fermentation bacteria (amino acid),https://www.researchgate.net/publication/12380417_Anaerovorax_odorimutans_gen_nov_sp_nov_a_putrescine-fermenting_strictly_anaerobic_bacterium
129,e6d7b53eaa7810124d61193a55edf990,d__Bacteria; p__Firmicutes; c__Clostridia; o__Christensenellales; f__Christensenellaceae; g__uncultured; s__uncultured_Clostridiales,FB,Fermentation bacteria (carbohydrate),https://biologyinsights.com/christensenellaceae-a-central-influence-on-the-human-microbiome/
130,f47a0a02521f071511a0d8f79f30ff27,d__Bacteria; p__Proteobacteria; c__Gammaproteobacteria; o__Aeromonadales; f__Aeromonadaceae; g__Tolumonas,FB,Fermentation bacteria (carbohydrate),https://doi.org/10.1099/ijs.0.023853-0
131,489da675ea728b923d1aedb32c395922,d__Bacteria; p__Proteobacteria; c__Gammaproteobacteria; o__Enterobacterales; f__Enterobacteriaceae,FB,Fermentation bacteria (carbohydrate),https://academic.oup.com/femsec/article/60/1/166/514572?login=false
132,290730dbee4eadd4ee7b48098e54a9ec,d__Bacteria; p__Proteobacteria; c__Gammaproteobacteria; o__Burkholderiales; f__Rhodocyclaceae; g__Azospira,Other,Denitrification bacteria,https://link.springer.com/article/10.1007/s11274-023-03729-7
133,a4b19e911729528cec5b3c9931b9f0a8,d__Bacteria; p__Proteobacteria; c__Alphaproteobacteria; o__Rhodospirillales; f__Rhodospirillaceae; g__Candidatus_Riegeria; s__uncultured_bacterium,Other,Dark matter bacteria,https://www.sciencedirect.com/science/article/abs/pii/S0043135421009362
134,a7ef5c41f98ded5d5f6de8f3765ab4b1,d__Bacteria; p__Proteobacteria; c__Gammaproteobacteria; o__Aeromonadales; f__Aeromonadaceae; g__Aeromonas; s__Pseudaeromonas_sharmana,FB,Other,https://onlinelibrary.wiley.com/doi/abs/10.1002/9781118960608.gbm01081
135,150611490a0fffe4c5aef79f8fe767a4,d__Bacteria; p__Proteobacteria; c__Gammaproteobacteria; o__Burkholderiales; f__Rhodocyclaceae; g__Dechloromonas; s__uncultured_bacterium,Other,Other,https://link.springer.com/article/10.1007/s11274-023-03729-7
136,cc67e956f6d2c7c9b2c803748d03f3ad,d__Bacteria; p__Proteobacteria; c__Gammaproteobacteria; o__Burkholderiales; f__Rhodocyclaceae; g__Propionivibrio; s__uncultured_bacterium,FB,Fermentation bacteria (carbohydrate),https://pmc.ncbi.nlm.nih.gov/articles/PMC4930944/
137,d8bebae6f6f064babc5e1819a3956c1c,d__Bacteria; p__Proteobacteria; c__Alphaproteobacteria; o__Rhizobiales; f__Rhizobiaceae; g__Allorhizobium-Neorhizobium-Pararhizobium-Rhizobium,Other,Other,https://pmc.ncbi.nlm.nih.gov/articles/PMC232623/
138,3e8bcc2a3cec960ec0d43560a3cc5c9a,d__Bacteria; p__Proteobacteria; c__Gammaproteobacteria; o__Burkholderiales; f__Nitrosomonadaceae; g__Nitrosomonas; s__Nitrosomonas_europaea,Other,Ammonia_oxidizing bacteria,https://www.sciencedirect.com/science/article/abs/pii/S1367593118300966
139,3676ab41ea249834e3b0e1a2ad4f19e0,d__Bacteria; p__Proteobacteria; c__Gammaproteobacteria; o__Burkholderiales; f__Comamonadaceae; g__Hydrogenophaga,Other,Denitrification bacteria,https://pmc.ncbi.nlm.nih.gov/articles/PMC126756/
140,4d798e75e1ffa1b75a29761d37e58c01,d__Bacteria; p__Proteobacteria; c__Alphaproteobacteria; o__Rhizobiales; f__Pleomorphomonadaceae; g__Pleomorphomonas,Other,Denitrification bacteria,https://doi.org/10.1099/ijs.0.63499-0
141,95ba95c33b2b9102a83f41e40fc92b10,d__Bacteria; p__Planctomycetota; c__Phycisphaerae; o__MSBL9; f__SG8-4; g__SG8-4; s__metagenome,FB,Dark matter bacteria,https://enviromicro-journals.onlinelibrary.wiley.com/doi/full/10.1111/1462-2920.14253
142,b2292461bc80c7c6e4eb290c2cb12838,d__Bacteria; p__Planctomycetota; c__Pla4_lineage; o__Pla4_lineage; f__Pla4_lineage; g__Pla4_lineage; s__uncultured_bacterium,FB,Dark matter bacteria,https://enviromicro-journals.onlinelibrary.wiley.com/doi/full/10.1111/1462-2920.14253
143,b38cd3e036a53bbed1159baa6b7e5e2b,d__Bacteria; p__Planctomycetota; c__Phycisphaerae; o__MSBL9; f__SG8-4; g__SG8-4; s__metagenome,FB,Dark matter bacteria,https://enviromicro-journals.onlinelibrary.wiley.com/doi/full/10.1111/1462-2920.14253
144,f6e1b9de57a924a54a2a36244a136be6,d__Bacteria; p__Planctomycetota; c__Phycisphaerae; o__MSBL9; f__KCLunmb-38-53; g__KCLunmb-38-53; s__uncultured_bacterium,FB,Dark matter bacteria,https://pmc.ncbi.nlm.nih.gov/articles/PMC11929135/
145,80c50b0dafa9d43be42f02332a9b9d1a,d__Bacteria; p__Planctomycetota; c__Phycisphaerae; o__mle1-8; f__mle1-8; g__mle1-8; s__uncultured_bacterium,FB,Dark matter bacteria,https://pmc.ncbi.nlm.nih.gov/articles/PMC11929135/
146,5995c7f5c661e2490d6b7995ede43f78,d__Bacteria; p__Planctomycetota; c__Phycisphaerae; o__MSBL9; f__MSBL9; g__MSBL9; s__metagenome,FB,Dark matter bacteria,https://pmc.ncbi.nlm.nih.gov/articles/PMC11929135/
147,5535c42869f4c504d9d7ef31cb4f1d55,d__Bacteria; p__Planctomycetota; c__Phycisphaerae; o__Pla1_lineage; f__Pla1_lineage; g__Pla1_lineage; s__uncultured_bacterium,FB,Dark matter bacteria,https://enviromicro-journals.onlinelibrary.wiley.com/doi/full/10.1111/1462-2920.14253
148,782663687da72b7ab4172386467e0af6,d__Bacteria; p__Planctomycetota; c__Phycisphaerae; o__MSBL9; f__SG8-4; g__SG8-4; s__metagenome,FB,Dark matter bacteria,https://pmc.ncbi.nlm.nih.gov/articles/PMC11929135/
149,2deca2282fe0936447e357004514d397,d__Bacteria; p__Planctomycetota; c__Planctomycetes; o__Pirellulales; f__Pirellulaceae; g__uncultured,FB,Dark matter bacteria,https://pmc.ncbi.nlm.nih.gov/articles/PMC11929135/
150,a2e42197fdcf7e6e310035a177958ab9,d__Bacteria; p__Planctomycetota; c__Phycisphaerae; o__Pla1_lineage; f__Pla1_lineage; g__Pla1_lineage; s__uncultured_bacterium,FB,Dark matter bacteria,https://enviromicro-journals.onlinelibrary.wiley.com/doi/full/10.1111/1462-2920.14253
151,7a7c96429cd038c333985399c9eb963c,d__Bacteria; p__Planctomycetota; c__Planctomycetes; o__Pirellulales; f__Pirellulaceae; g__uncultured; s__uncultured_bacterium,FB,Dark matter bacteria,https://pmc.ncbi.nlm.nih.gov/articles/PMC11929135/
152,422c3681b58d6f7faee17eee1d6d0b95,d__Bacteria; p__Planctomycetota; c__Phycisphaerae; o__Tepidisphaerales; f__WD2101_soil_group; g__WD2101_soil_group,FB,Dark matter bacteria,https://pubmed.ncbi.nlm.nih.gov/36356531/
153,07d1e6b4bf92c4e0827ce83ad38f2fdf,d__Bacteria; p__Planctomycetota; c__Planctomycetes; o__Pirellulales; f__Pirellulaceae; g__uncultured,FB,Dark matter bacteria,https://pmc.ncbi.nlm.nih.gov/articles/PMC11929135/
154,0c840d13e67c8d8e55ccf1b306e01118,d__Bacteria; p__Planctomycetota; c__Phycisphaerae; o__CCM11a; f__CCM11a; g__CCM11a; s__bacterium_enrichment,FB,Dark matter bacteria,https://academic.oup.com/femsec/article/101/4/fiaf025/8082149?login=true
155,4f94fc8294d13e14b85a498eaf8e7454,d__Bacteria; p__Planctomycetota; c__Phycisphaerae; o__S-70; f__S-70; g__S-70; s__uncultured_bacterium,FB,Dark matter bacteria,https://enviromicro-journals.onlinelibrary.wiley.com/doi/full/10.1111/1462-2920.14253
156,20ec21b915216e00b9af8785dba05efd,d__Bacteria; p__Planctomycetota; c__Planctomycetes; o__Pirellulales; f__Pirellulaceae; g__Pir4_lineage,FB,Dark matter bacteria,https://pmc.ncbi.nlm.nih.gov/articles/PMC11929135/
157,25045aabfef9e883c254227d35c501be,d__Bacteria; p__Planctomycetota; c__Planctomycetes; o__Pirellulales; f__Pirellulaceae; g__uncultured,FB,Dark matter bacteria,https://pmc.ncbi.nlm.nih.gov/articles/PMC11929135/
158,b730b146a9a614f96a17a4ab14a7af56,d__Bacteria; p__Planctomycetota; c__Planctomycetes; o__Pirellulales; f__Pirellulaceae; g__uncultured; s__uncultured_bacterium,FB,Dark matter bacteria,https://pmc.ncbi.nlm.nih.gov/articles/PMC11929135/
159,28041bdf3c75f3ca6158383e0f140009,d__Bacteria; p__Planctomycetota; c__Planctomycetes; o__Pirellulales; f__Pirellulaceae; g__uncultured; s__uncultured_bacterium,FB,Dark matter bacteria,https://pmc.ncbi.nlm.nih.gov/articles/PMC11929135/
160,446890d2e6c9cc20021fb2b0dd7b9572,d__Bacteria; p__Planctomycetota; c__Phycisphaerae; o__Pla1_lineage; f__Pla1_lineage; g__Pla1_lineage; s__uncultured_bacterium,FB,Dark matter bacteria,https://enviromicro-journals.onlinelibrary.wiley.com/doi/full/10.1111/1462-2920.14253
161,c01c27d316fa7bf26586bb21045c4675,d__Bacteria; p__Planctomycetota; c__Phycisphaerae; o__MSBL9; f__KCLunmb-38-53; g__KCLunmb-38-53; s__uncultured_bacterium,FB,Dark matter bacteria,https://pmc.ncbi.nlm.nih.gov/articles/PMC11929135/
162,559df90b589deab654c37d304d33505c,d__Bacteria; p__Planctomycetota; c__Phycisphaerae; o__mle1-8; f__mle1-8; g__mle1-8; s__uncultured_bacterium,FB,Dark matter bacteria,https://pmc.ncbi.nlm.nih.gov/articles/PMC11929135/
163,e44f15e5eb19840d3346fe7d1cfe5c5a,d__Bacteria; p__Planctomycetota; c__Planctomycetes; o__Pirellulales; f__Pirellulaceae; g__Candidatus_Anammoximicrobium; s__uncultured_bacterium,Other,Other,
164,ca58c009e5862d0f0e8f93e8c9fc49d2,d__Bacteria; p__Planctomycetota; c__Planctomycetes; o__Pirellulales; f__Pirellulaceae; g__Pir3_lineage; s__uncultured_bacterium,FB,Dark matter bacteria,https://pmc.ncbi.nlm.nih.gov/articles/PMC11929135/
165,d22e1b7c08fc3e7f8730dfc8c2208888,d__Bacteria; p__Planctomycetota; c__Phycisphaerae; o__Pla1_lineage; f__Pla1_lineage; g__Pla1_lineage,FB,Dark matter bacteria,https://academic.oup.com/femsec/article/101/4/fiaf025/8082149?login=true
166,737fe857d6541c631a83ee3029aaa546,d__Bacteria; p__Planctomycetota; c__Phycisphaerae; o__mle1-8; f__mle1-8; g__mle1-8; s__uncultured_Schlesneria,FB,Dark matter bacteria,https://pmc.ncbi.nlm.nih.gov/articles/PMC11929135/
167,b367d40523545c5b6833645787c6c7ee,d__Bacteria; p__Planctomycetota; c__vadinHA49; o__vadinHA49; f__vadinHA49; g__vadinHA49; s__uncultured_bacterium,Other,Dark matter bacteria,https://pmc.ncbi.nlm.nih.gov/articles/PMC3318811/
168,11fc9216cb378434800155a6d361a159,d__Bacteria; p__Planctomycetota; c__Pla4_lineage; o__Pla4_lineage; f__Pla4_lineage; g__Pla4_lineage; s__uncultured_bacterium,FB,Dark matter bacteria,https://pubmed.ncbi.nlm.nih.gov/39043958/
169,3bca3b647b19d7e04dda3edbeec8ba6c,d__Bacteria; p__Planctomycetota; c__Planctomycetes; o__Pirellulales; f__Pirellulaceae; g__uncultured,FB,Dark matter bacteria,https://pmc.ncbi.nlm.nih.gov/articles/PMC11929135/
170,e995ef07e87e62dd57fd44800d0b768f,d__Bacteria; p__Planctomycetota; c__Planctomycetes; o__Pirellulales; f__Pirellulaceae; g__uncultured; s__uncultured_bacterium,FB,Dark matter bacteria,https://pmc.ncbi.nlm.nih.gov/articles/PMC11929135/
171,dc337877eeccfba07e7abf8fd441ddab,d__Bacteria; p__Planctomycetota; c__Phycisphaerae; o__Pla1_lineage; f__Pla1_lineage; g__Pla1_lineage; s__uncultured_bacterium,FB,Dark matter bacteria,https://enviromicro-journals.onlinelibrary.wiley.com/doi/full/10.1111/1462-2920.14253
172,32076c3159bd519aa3556d1641925dcc,d__Bacteria; p__Planctomycetota; c__Planctomycetes; o__Pirellulales; f__Pirellulaceae; g__uncultured,FB,Dark matter bacteria,https://pmc.ncbi.nlm.nih.gov/articles/PMC11929135/
173,0ee9455e3db14145e64440a45ee7b1fc,d__Bacteria; p__Planctomycetota; c__Planctomycetes; o__Pirellulales; f__Pirellulaceae; g__uncultured,FB,Dark matter bacteria,https://pmc.ncbi.nlm.nih.gov/articles/PMC11929135/
174,5d4ef71b39f172b6d4d48af6f14bd69f,d__Bacteria; p__Planctomycetota; c__Planctomycetes; o__Pirellulales; f__Pirellulaceae; g__uncultured; s__uncultured_bacterium,FB,Dark matter bacteria,https://pmc.ncbi.nlm.nih.gov/articles/PMC11929135/
175,65cf036f7f1e031e21e644863fb4ee39,d__Bacteria; p__Planctomycetota; c__Phycisphaerae; o__MSBL9; f__SG8-4; g__SG8-4; s__uncultured_microorganism,FB,Dark matter bacteria,https://enviromicro-journals.onlinelibrary.wiley.com/doi/full/10.1111/1462-2920.14253
176,87eb2d97203d512a5c3ae78a2e9ea3d8,d__Bacteria; p__Planctomycetota; c__Planctomycetes; o__Pirellulales; f__Pirellulaceae; g__uncultured,FB,Dark matter bacteria,https://pmc.ncbi.nlm.nih.gov/articles/PMC11929135/
177,ed8ec441922085e281627cbb05efe909,d__Bacteria; p__Planctomycetota; c__Pla3_lineage; o__Pla3_lineage; f__Pla3_lineage; g__Pla3_lineage; s__uncultured_bacterium,FB,Dark matter bacteria,https://enviromicro-journals.onlinelibrary.wiley.com/doi/full/10.1111/1462-2920.14253
178,f8392bd3c2e1735ff12839fd178c0b9b,d__Bacteria; p__Planctomycetota; c__Phycisphaerae; o__Phycisphaerales; f__AKAU3564_sediment_group; g__AKAU3564_sediment_group; s__uncultured_planctomycete,FB,Dark matter bacteria,https://pmc.ncbi.nlm.nih.gov/articles/PMC9195934/
179,5ceb9f0f0022dac30c2593a693e59dbe,d__Bacteria; p__Bacteroidota; c__Ignavibacteria; o__Ignavibacteriales; f__Ignavibacteriaceae; g__Ignavibacterium; s__uncultured_bacterium,FB,Fermentation bacteria (carbohydrate),https://pubmed.ncbi.nlm.nih.gov/19671715/
180,c8b40734380567716db20d1ca1da8f08,d__Bacteria; p__Bacteroidota; c__Ignavibacteria; o__Ignavibacteriales; f__Melioribacteraceae; g__IheB3-7; s__uncultured_bacterium,FB,Fermentation bacteria (carbohydrate),https://pubmed.ncbi.nlm.nih.gov/19671715/
181,fab4fd462362c89f996d8f3b404de856,d__Bacteria; p__Bacteroidota; c__Bacteroidia; o__Bacteroidales; f__Marinifilaceae; g__uncultured; s__uncultured_bacterium,FB,Fermentation bacteria (carbohydrate),https://www.sciencedirect.com/science/article/abs/pii/S0723202012001658
182,7184c4fbfc5ed93db528bab6dd176550,d__Bacteria; p__Bacteroidota; c__Bacteroidia; o__Bacteroidales; f__Bacteroidetes_vadinHA17; g__Bacteroidetes_vadinHA17; s__uncultured_bacterium,FB,Fermentation bacteria (carbohydrate),https://www.frontiersin.org/journals/microbiology/articles/10.3389/fmicb.2020.593006/full
183,0d799d71613b9f65136aa1b6e403e4be,d__Bacteria; p__Bacteroidota; c__Ignavibacteria; o__Ignavibacteriales; f__Ignavibacteriaceae; g__Ignavibacterium; s__uncultured_bacterium,FB,Fermentation bacteria (carbohydrate),https://pubmed.ncbi.nlm.nih.gov/19671715/
184,5b7a86218356a43f19482c316bef5732,d__Bacteria; p__Bacteroidota; c__Bacteroidia; o__Sphingobacteriales; f__Lentimicrobiaceae; g__Lentimicrobium; s__denitrifying_bacterium,FB,Fermentation bacteria (carbohydrate),https://www.microbiologyresearch.org/content/journal/ijsem/10.1099/ijsem.0.001103
185,3871f6f0eea7bcbc5dd7101260a98c55,d__Bacteria; p__Bacteroidota; c__Bacteroidia; o__Bacteroidales; f__Bacteroidetes_vadinHA17; g__Bacteroidetes_vadinHA17,FB,Fermentation bacteria (carbohydrate),refer to d__Bacteria;p__Bacteroidota;c__Bacteroidia;o__Bacteroidales;f__Bacteroidaceae;g__Bacteroides
186,5db09a5f0982758e70e244d63b42b6d7,d__Bacteria; p__Bacteroidota; c__Kryptonia; o__Kryptoniales; f__BSV26; g__BSV26; s__uncultured_Chlorobi,Other,Dark matter bacteria,https://midasfieldguide.org/guide/fieldguide/genus/midas_g_86736
187,77e667c80d94eebddb3ba41a2d6a2f97,d__Bacteria; p__Bacteroidota; c__Bacteroidia; o__Sphingobacteriales; f__Lentimicrobiaceae; g__Lentimicrobium; s__bacterium_sp.,FB,Fermentation bacteria (carbohydrate),https://www.microbiologyresearch.org/content/journal/ijsem/10.1099/ijsem.0.001103
188,5dc017b243c0d847b883a93ffab7d057,d__Bacteria; p__Bacteroidota; c__SJA-28; o__SJA-28; f__SJA-28; g__SJA-28; s__uncultured_bacterium,FB,Dark matter bacteria,https://pubmed.ncbi.nlm.nih.gov/33013807/
189,ccd295e3a04fb7bb78f97b49d1d76562,d__Bacteria; p__Bacteroidota; c__Bacteroidia; o__Bacteroidales; f__SB-5; g__SB-5; s__uncultured_bacterium,FB,Fermentation bacteria (carbohydrate),refer to d__Bacteria;p__Bacteroidota;c__Bacteroidia;o__Bacteroidales;f__Prolixibacteraceae;g__Roseimarinus
190,d8ffa2672967ec12b18609b832027c72,d__Bacteria; p__Bacteroidota; c__SJA-28; o__SJA-28; f__SJA-28; g__SJA-28; s__bioreactor_sludge,FB,Dark matter bacteria,https://pubmed.ncbi.nlm.nih.gov/33013807/
191,8387ed8a7bc7e5adf1657a3e663b8556,d__Bacteria; p__Bacteroidota; c__Bacteroidia; o__Sphingobacteriales; f__Lentimicrobiaceae; g__Lentimicrobium,FB,Fermentation bacteria (carbohydrate),https://www.microbiologyresearch.org/content/journal/ijsem/10.1099/ijsem.0.001103
192,9b6d0ffa867aee34998a4a2bbb1af810,d__Bacteria; p__Bacteroidota; c__Ignavibacteria; o__Ignavibacteriales; f__Melioribacteraceae; g__IheB3-7; s__metagenome,FB,Fermentation bacteria (carbohydrate),https://pubmed.ncbi.nlm.nih.gov/19671715/
193,ae774caaa9ef3b43a729eb34736489c0,d__Bacteria; p__Bacteroidota; c__Bacteroidia; o__Bacteroidales; f__Paludibacteraceae; g__Paludibacter; s__uncultured_bacterium,FB,Fermentation bacteria (carbohydrate),https://doi.org/10.1099/ijs.0.63896-0
194,4341a79cfb0ec0bfa3673b833e280d20,d__Bacteria; p__Bacteroidota; c__Bacteroidia; o__Bacteroidales; f__Bacteroidetes_vadinHA17; g__Bacteroidetes_vadinHA17; s__uncultured_Cytophagales,FB,Fermentation bacteria (carbohydrate),https://www.frontiersin.org/journals/microbiology/articles/10.3389/fmicb.2020.593006/full
195,3c495c43f409408c04faf4c9ac87984a,d__Bacteria; p__Bacteroidota; c__Ignavibacteria; o__Ignavibacteriales,Other,Other,
196,0ffdd77026a6adb21f3bd4acbb9ae4dc,d__Bacteria; p__Bacteroidota; c__Ignavibacteria; o__Ignavibacteriales; f__PHOS-HE36; g__PHOS-HE36; s__uncultured_bacterium,Other,Dark matter bacteria,
197,d7ada53e15b47cd75f189d6251c973c4,d__Bacteria; p__Bacteroidota; c__Kryptonia; o__Kryptoniales; f__BSV26; g__BSV26; s__uncultured_Chlorobi,Other,Dark matter bacteria,
198,9d3ad599777a06282a5981ae0094e829,d__Bacteria; p__Bacteroidota; c__Kapabacteria; o__Kapabacteriales; f__Kapabacteriales; g__Kapabacteriales,Other,Dark matter bacteria,https://journals.asm.org/doi/full/10.1128/mra.01118-20
199,f2befed0d1248a66e55e935f42c7e3ee,d__Bacteria; p__Bacteroidota; c__Kryptonia; o__Kryptoniales; f__BSV26; g__BSV26,Other,Dark matter bacteria,
200,67c181fa8417bbc32d76c1f8a1152c67,d__Bacteria; p__Bacteroidota; c__Bacteroidia; o__Bacteroidales; f__Prolixibacteraceae; g__Meniscus; s__uncultured_Bacteroidetes,FB,Fermentation bacteria (carbohydrate),https://www.microbiologyresearch.org/content/journal/ijsem/10.1099/00207713-27-1-38
201,6f3a170bcf31c2cdea91d5fad6ed84e3,d__Bacteria; p__Bacteroidota; c__Ignavibacteria; o__Ignavibacteriales; f__Ignavibacteriaceae; g__Ignavibacterium; s__uncultured_bacterium,FB,Fermentation bacteria (carbohydrate),https://pubmed.ncbi.nlm.nih.gov/19671715/
202,92f305372628ccbd74b7b28b933d306b,d__Bacteria; p__Bacteroidota; c__Bacteroidia; o__Bacteroidales; f__Paludibacteraceae; g__uncultured; s__uncultured_bacterium,FB,Fermentation bacteria (carbohydrate),refer to d__Bacteria;p__Bacteroidota;c__Bacteroidia;o__Bacteroidales;f__Paludibacteraceae;g__Paludibacter
203,14ae50bf6c080fba1938c5199cae4a0b,d__Bacteria; p__Bacteroidota; c__Ignavibacteria; o__Ignavibacteriales; f__PHOS-HE36; g__PHOS-HE36; s__metagenome,Other,Dark matter bacteria,
204,e74bab893053e90e8313ba233bd6a081,d__Bacteria; p__Bacteroidota; c__Bacteroidia; o__Bacteroidales; f__Bacteroidaceae; g__Bacteroides; s__Bacteroides_graminisolvens,FB,Fermentation bacteria (carbohydrate),https://doi.org/10.1099/ijs.0.041038-0
205,2250f4b8d07e4953951ee4247b0137a6,d__Bacteria; p__Bacteroidota; c__Ignavibacteria; o__Ignavibacteriales; f__Ignavibacteriaceae; g__Ignavibacterium,FB,Fermentation bacteria (carbohydrate),https://doi.org/10.1099/ijs.0.012484-0
206,ad6ce23a8240585835e009aa4462524a,d__Bacteria; p__Bacteroidota; c__Bacteroidia; o__Bacteroidales; f__Williamwhitmaniaceae; g__Blvii28_wastewater-sludge_group; s__uncultured_bacterium,FB,Fermentation bacteria (protein),https://www.midasfieldguide.org/guide/fieldguide/genus/blvii28_wastewater-sludge_group
207,524d80e38696fd0875602301a8dfbe24,d__Bacteria; p__Bacteroidota; c__Bacteroidia; o__Bacteroidales; f__Williamwhitmaniaceae; g__Blvii28_wastewater-sludge_group; s__uncultured_bacterium,FB,Fermentation bacteria (protein),https://www.midasfieldguide.org/guide/fieldguide/genus/blvii28_wastewater-sludge_group
208,be3aafa2586a7b4c696bbc7e15420f84,d__Bacteria; p__Bacteroidota; c__Bacteroidia; o__Bacteroidales; f__Paludibacteraceae; g__uncultured; s__uncultured_bacterium,FB,Fermentation bacteria (carbohydrate),refer to d__Bacteria;p__Bacteroidota;c__Bacteroidia;o__Bacteroidales;f__Paludibacteraceae;g__Paludibacter
209,e4f13cff484714e969b627d0e5c0770b,d__Bacteria; p__Bacteroidota; c__Kryptonia; o__Kryptoniales; f__MSB-3C8; g__MSB-3C8; s__uncultured_bacterium,Other,Dark matter bacteria,
210,429a09a930e113837e914f9cc2bf25b9,d__Bacteria; p__Bacteroidota; c__Ignavibacteria; o__Ignavibacteriales; f__BSV40; g__BSV40; s__uncultured_bacterium,FB,Fermentation bacteria (carbohydrate),10.1128/AEM.02729-17
211,c463290592e4f16122388848a138625a,d__Bacteria; p__Actinobacteriota; c__Actinobacteria; o__Propionibacteriales; f__Propionibacteriaceae; g__Propioniciclava,FB,Fermentation bacteria (carbohydrate),https://www.microbiologyresearch.org/content/journal/ijsem/10.1099/ijs.0.027482-0
212,39514d7e0d952fb5735d67b878688bc8,d__Bacteria; p__Actinobacteriota; c__Actinobacteria; o__Propionibacteriales; f__Propionibacteriaceae; g__uncultured; s__uncultured_Propionibacteriaceae,FB,Fermentation bacteria (carbohydrate),https://www.microbiologyresearch.org/content/journal/ijsem/10.1099/ijs.0.027482-0
213,00833459819dc89b57aa3daed416f161,d__Bacteria; p__Spirochaetota; c__Spirochaetia; o__Spirochaetales; f__Spirochaetaceae; g__Treponema; s__Treponema_caldarium,FB,Fermentation bacteria (carbohydrate),https://doi.org/10.1099/ijs.0.63388-0
214,8a9c941e1f2ee3fcd6ce01dba4377ab4,d__Bacteria; p__Actinobacteriota; c__Actinobacteria; o__Micrococcales; f__Bogoriellaceae; g__Georgenia; s__uncultured_bacterium,FB,Fermentation bacteria (carbohydrate),https://doi.org/10.1099/ijs.0.64749-0
215,cf22504c5f284e3f0787b2b481b527f3,d__Bacteria; p__Calditrichota; c__Calditrichia; o__Calditrichales; f__Calditrichaceae; g__Calorithrix; s__uncultured_bacterium,FB,Fermentation bacteria (carbohydrate),https://www.microbiologyresearch.org/content/journal/ijsem/10.1099/ijsem.0.001744
216,102ad765cbbb2c461692bf898f6186d3,d__Archaea; p__Halobacterota; c__Methanosarcinia; o__Methanosarciniales; f__Methanosaetaceae; g__Methanosaeta; s__Methanosaeta_harundinacea,MA,Methanogen,https://doi.org/10.1002/9781118960608.gbm00513.pub2
217,bb5e11fdbff4f33c3c8620a1887a7fab,d__Bacteria; p__Modulibacteria; c__Moduliflexia; o__Moduliflexales; f__Moduliflexaceae; g__Candidatus_Moduliflexus; s__bacterium_UASB14,FB,Fermentation bacteria (carbohydrate),https://doi.org/10.7717/peerj.740
218,09ee5eb3e6c726c7c8242f6e97453fc2,d__Archaea; p__Euryarchaeota; c__Methanobacteria; o__Methanobacteriales; f__Methanobacteriaceae; g__Methanobacterium; s__Methanobacterium_formicicum,MA,Methanogen,"Kern, T., Linge, M. & Rother, M. Methanobacterium aggregans sp. nov., a hydrogenotrophic methanogenic archaeon isolated from an anaerobic digester. International Journal of Systematic and Evolutionary Microbiology 65, 1975-1980 (2015)."
219,1d68e029a5580b3c9da0caf98358eca3,d__Bacteria; p__Actinobacteriota; c__Actinobacteria; o__Propionibacteriales; f__Propionibacteriaceae; g__Propioniciclava; s__metagenome,FB,Fermentation bacteria (carbohydrate),10.1099/ijs.0.027482-0
220,0e909c758d9c5297b4ec1cc832bf1826,d__Archaea; p__Halobacterota; c__Methanosarcinia; o__Methanosarciniales; f__Methanosarcinaceae; g__Methanosarcina,MA,Methanogen,https://doi.org/10.1002/9781118960608.gbm00519.pub2
221,76df8bde7010efe7a732d7f14429678d,d__Archaea; p__Euryarchaeota; c__Methanobacteria; o__Methanobacteriales; f__Methanobacteriaceae; g__Methanobacterium,MA,Methanogen,"Kern, T., Linge, M. & Rother, M. Methanobacterium aggregans sp. nov., a hydrogenotrophic methanogenic archaeon isolated from an anaerobic digester. International Journal of Systematic and Evolutionary Microbiology 65, 1975-1980 (2015)."
222,869b1bac4d0445275b77013c61f800bc,d__Bacteria; p__Actinobacteriota; c__Actinobacteria; o__Actinomycetales; f__Actinomycetaceae; g__Actinomyces; s__Actinomyces_sp.,FB,Fermentation bacteria (carbohydrate),10.1128/JCM.39.11.3955-3961.2001
223,702860fda44c0d44ddacb5bd79fd5d24,d__Archaea; p__Halobacterota; c__Methanosarcinia; o__Methanosarciniales; f__Methanosaetaceae; g__Methanosaeta,MA,Methanogen,https://doi.org/10.1002/9781118960608.gbm00513.pub2
224,a51754c5f1369772741c7c9413290fa9,d__Bacteria; p__Desulfobacterota; c__Syntrophobacteria; o__Syntrophobacterales; f__Syntrophobacteraceae; g__Syntrophobacter,SB,Syntrophic bacteria,https://www.microbiologyresearch.org/content/journal/ijsem/10.1099/00207713-49-2-545
225,dbda3ac20eeb6a319b94c041444316a7,d__Bacteria; p__Desulfobacterota; c__Syntrophia; o__Syntrophales; f__uncultured; g__uncultured; s__uncultured_bacterium,SB,Syntrophic bacteria,DOI:10.1038/415454a
226,d00036ea38764e92850c8310ab248346,d__Bacteria; p__Zixibacteria; c__Zixibacteria; o__Zixibacteria; f__Zixibacteria; g__Zixibacteria; s__bacterium_enrichment,Other,Other,https://pmc.ncbi.nlm.nih.gov/articles/PMC11821767/
227,268ddc25aa0fd61d2ecd190573a66498,d__Bacteria; p__Actinobacteriota; c__Actinobacteria; o__Propionibacteriales; f__Propionibacteriaceae; g__Propionicicella; s__uncultured_bacterium,FB,Fermentation bacteria (carbohydrate),10.1016/j.syapm.2005.11.004
228,2b809b1be23ca594eb500c596c2d8787,d__Bacteria; p__Desulfobacterota; c__Desulfuromonadia; o__Geobacterales; f__Geobacteraceae,FB,Fermentation bacteria (carbohydrate),10.1186/1471-2164-10-103
229,9f5c99b99d9f8c22eb65601339414471,d__Archaea; p__Halobacterota; c__Methanomicrobia; o__Methanomicrobiales; f__Methanoregulaceae; g__Methanolinea,MA,Methanogen,https://doi.org/10.1002/9781118960608.gbm01367
230,cf796938f64689d620139b20261e61f4,d__Bacteria; p__Thermotogota; c__Thermotogae; o__Kosmotogales; f__Kosmotogaceae; g__Mesotoga,FB,Fermentation bacteria (carbohydrate),"Nesb繪, Camilla L., et al. ""Mesotoga prima gen. nov., sp. nov., the first described mesophilic species of the Thermotogales."" Extremophiles 16 (2012): 387-393."
231,98c89554ab70b7fbf41fc82a77992e91,d__Bacteria; p__Modulibacteria; c__Moduliflexia; o__Moduliflexales; f__Moduliflexaceae; g__Moduliflexaceae; s__uncultured_delta,FB,Fermentation bacteria (carbohydrate),https://doi.org/10.7717/peerj.740
232,4717311d8ffd7211e52b4e360b0ecb2a,d__Archaea; p__Halobacterota; c__Methanocellia; o__Methanocellales; f__Methanocellaceae; g__Methanocella; s__uncultured_archaeon,MA,Methanogen,DOI:10.1099/ijs.0.65571-0
233,8e344ae94c17a940cb99fefed3c6faf3,d__Bacteria; p__Nitrospirota; c__Thermodesulfovibrionia; o__uncultured; f__uncultured; g__uncultured; s__uncultured_Nitrospiraceae,Other,Dark matter bacteria,https://www.sciencedirect.com/science/article/pii/S0960852423008593
234,a7a70c50a7392887705c52ac4cdd8f90,d__Bacteria; p__Verrucomicrobiota; c__Kiritimatiellae; o__WCHB1-41; f__WCHB1-41; g__WCHB1-41; s__uncultured_bacterium,FB,Dark matter bacteria,https://doi.org/10.3390/ani15111565
235,9892567c777d5145c370648b6d314a77,d__Bacteria; p__Desulfobacterota; c__Syntrophia; o__Syntrophales; f__Smithellaceae; g__Smithella; s__uncultured_bacterium,SB,Syntrophic bacteria,DOI:10.1099/00207713-49-2-545
236,48b6ec7b695986498cf0b788c253efc4,d__Bacteria; p__Spirochaetota; c__Spirochaetia; o__Spirochaetales; f__Spirochaetaceae; g__uncultured; s__uncultured_Treponema,FB,Fermentation bacteria (carbohydrate),
237,975c2b992fa44a1ff7a66e8034c8f2fc,d__Bacteria; p__Desulfobacterota; c__Syntrophobacteria; o__Syntrophobacterales; f__Syntrophobacteraceae; g__Syntrophobacter; s__uncultured_bacterium,SB,Syntrophic bacteria,DOI:10.1099/00207713-39-4-686
238,5688299848144df29a9397fd075b4e84,d__Archaea; p__Halobacterota; c__Methanosarcinia; o__Methanosarciniales; f__Methanosaetaceae; g__Methanosaeta; s__uncultured_archaeon,MA,Methanogen,https://doi.org/10.1002/9781118960608.gbm00513.pub2
239,5705f296f7911f6f37e18587c29e6326,d__Archaea; p__Micrarchaeota; c__Micrarchaeia; o__Micrarchaeales; f__Micrarchaeales; g__Micrarchaeales; s__uncultured_archaeon,FB,Dark matter archaea,https://www.nature.com/articles/s41396-017-0002-z
240,748512e38095cce946336f055623773b,d__Bacteria; p__Actinobacteriota; c__Actinobacteria; o__Micrococcales; f__Beutenbergiaceae; g__Beutenbergia; s__Beutenbergia_cavernae,FB,Fermentation bacteria (carbohydrate),10.4056/sigs.1162
241,3051e497250705a06e17cb0a22b23ecc,d__Bacteria; p__Myxococcota; c__Myxococcia; o__Myxococcales; f__Myxococcaceae,Other,Other,
242,98b2e07125384a0596993a51a0a248b3,d__Bacteria; p__Spirochaetota; c__Spirochaetia; o__Spirochaetales; f__Spirochaetaceae; g__Treponema,FB,Fermentation bacteria (carbohydrate),https://doi.org/10.1099/ijs.0.63388-0
243,33742b888000536062d2bfbdbebab8ea,d__Archaea; p__Micrarchaeota; c__Micrarchaeia; o__Micrarchaeales; f__Micrarchaeales; g__Micrarchaeales; s__uncultured_archaeon,FB,Dark matter archaea,https://www.nature.com/articles/s41396-017-0002-z
244,a958096a3ad364deae78f08ed6e2dbeb,d__Bacteria; p__Spirochaetota; c__Spirochaetia; o__Spirochaetales; f__Spirochaetaceae; g__Spirochaeta; s__uncultured_bacterium,FB,Fermentation bacteria (carbohydrate),10.1007/BF00447104
245,07ee2497d04ad47ecf49e1232a7f791c,d__Bacteria; p__Spirochaetota; c__Brevinematia; o__Brevinematales; f__Brevinemataceae; g__Brevinema; s__uncultured_bacterium,Other,Other,https://www.microbiologyresearch.org/content/journal/ijsem/10.1099/00207713-45-1-78
246,e7604d6f9911f3a9667dafe06da39bf3,d__Bacteria; p__Actinobacteriota; c__Actinobacteria; o__Propionibacteriales; f__Propionibacteriaceae; g__Propionicicella; s__uncultured_bacterium,FB,Fermentation bacteria (carbohydrate),10.1016/j.syapm.2005.11.004
247,450292bf5b89b2f473bab4a6233d8682,d__Archaea; p__Euryarchaeota; c__Methanobacteria; o__Methanobacteriales; f__Methanobacteriaceae; g__Methanobacterium,MA,Methanogen,"Kern, T., Linge, M. & Rother, M. Methanobacterium aggregans sp. nov., a hydrogenotrophic methanogenic archaeon isolated from an anaerobic digester. International Journal of Systematic and Evolutionary Microbiology 65, 1975-1980 (2015)."
248,dfd2ddbbfd1921b9460433630085caae,d__Bacteria; p__Spirochaetota; c__Spirochaetia; o__Spirochaetales; f__Spirochaetaceae; g__uncultured; s__uncultured_bacterium,FB,Fermentation bacteria (carbohydrate),refer to d__Bacteria;p__Spirochaetota;c__Spirochaetia;o__Spirochaetales;f__Spirochaetaceae;g__Sphaerochaeta
249,016aca080f82107989de638c37d4972e,d__Bacteria; p__Zixibacteria; c__Zixibacteria; o__Zixibacteria; f__Zixibacteria; g__Zixibacteria; s__uncultured_bacterium,Other,Other,https://pmc.ncbi.nlm.nih.gov/articles/PMC11821767/
250,0d9ce28ba762c85a2d27641df4776bb9,d__Bacteria; p__Spirochaetota; c__Brevinematia; o__Brevinematales; f__Brevinemataceae; g__Brevinema; s__uncultured_bacterium,Other,Other,https://www.microbiologyresearch.org/content/journal/ijsem/10.1099/00207713-45-1-78
251,63a550f11e73293cb376ed0c848c7c38,d__Bacteria; p__Acidobacteriota; c__Acidobacteriae; o__Bryobacterales; f__Bryobacteraceae; g__Bryobacter; s__uncultured_bacterium,FB,Fermentation bacteria (carbohydrate),10.1099/ijs.0.013250-0
252,0b6d5bbced52dd0367a41d9984644a9b,d__Bacteria; p__Dependentiae; c__Babeliae; o__Babeliales; f__Babeliales; g__Babeliales; s__uncultured_bacterium,Other,Dark matter bacteria,
253,bb615edd8f8ca2b935b8e68b7ef42907,d__Bacteria; p__Spirochaetota; c__Spirochaetia; o__Spirochaetales; f__Spirochaetaceae; g__Spirochaeta; s__Spirochaeta_sp.,FB,Fermentation bacteria (carbohydrate),refer to d__Bacteria;p__Spirochaetota;c__Spirochaetia;o__Spirochaetales;f__Spirochaetaceae;g__Sphaerochaeta
254,5199682207783ce70b36f4d03093c3ba,d__Bacteria; p__Verrucomicrobiota; c__Verrucomicrobiae; o__Pedosphaerales; f__Pedosphaeraceae,FB,Other,https://onlinelibrary.wiley.com/doi/10.1002/mlf2.12060
255,a863f07e76c2c6b2906b0d2864f4310f,d__Bacteria; p__Spirochaetota; c__MVP-15; o__MVP-15; f__MVP-15; g__MVP-15; s__uncultured_bacterium,Other,Dark matter bacteria,https://doi.org/10.1002/mlf2.12060
256,718e5880c152f7dbd3c8df08f642b830,d__Bacteria; p__TA06; c__TA06; o__TA06; f__TA06; g__TA06,Other,Dark matter bacteria,
257,309a1f38e5ff9e587ce0f93601e18aa0,d__Bacteria; p__Fibrobacterota; c__Chitinivibrionia; o__uncultured; f__uncultured; g__uncultured; s__uncultured_Caldithrix,Other,Dark matter bacteria,
258,067bd9eddaaae4c23ff58bfd81b9817a,d__Bacteria; p__Acidobacteriota; c__Aminicenantia; o__Aminicenantales; f__Aminicenantales; g__Aminicenantales; s__uncultured_bacterium,FB,Fermentation bacteria (carbohydrate), 10.1007/s00792-018-01073-5
259,c5c8b44864d3ce06743de454a1c0ba75,d__Bacteria; p__Synergistota; c__Synergistia; o__Synergistales; f__Synergistaceae; g__Syner-01; s__uncultured_bacterium,FB,Fermentation bacteria (amino acid),https://doi.org/10.1099/00207713-49-2-975
260,e65114bdc9ed07c571abb45cccd21f8b,d__Bacteria; p__Acidobacteriota; c__Aminicenantia; o__Aminicenantales; f__Aminicenantales; g__Aminicenantales,FB,Fermentation bacteria (carbohydrate),refer to d__Bacteria;p__Acidobacteriota;c__Acidobacteriae;o__Solibacterales;f__Solibacteraceae;g__Candidatus_Solibacter
261,15f74e7ef816351e1b6ec31861da3bbf,d__Bacteria; p__Synergistota; c__Synergistia; o__Synergistales; f__Synergistaceae; g__JGI-0000079-D21,FB,Fermentation bacteria (amino acid),https://doi.org/10.1099/00207713-49-2-975
262,feb89de55c794fda36fc704572d2e3ba,d__Bacteria; p__Dependentiae; c__Babeliae; o__Babeliales; f__Babeliales; g__Babeliales; s__uncultured_bacterium,Other,Dark matter bacteria,
263,1307086b4ed924489c9889827e353fa7,d__Bacteria; p__Latescibacterota; c__Latescibacteria; o__Latescibacterales; f__Latescibacteraceae; g__Latescibacteraceae; s__uncultured_bacterium,FB,Other,https://doi.org/10.3390/ani14111657
264,fe507e6e1bb6f9393478088e8659dc40,d__Bacteria; p__Spirochaetota; c__Spirochaetia; o__Spirochaetales; f__Spirochaetaceae; g__Spirochaeta; s__uncultured_Spirochaetes,FB,Fermentation bacteria (carbohydrate),refer to d__Bacteria;p__Spirochaetota;c__Spirochaetia;o__Spirochaetales;f__Spirochaetaceae;g__Sphaerochaeta
265,6c37da198a3ad4073884055c62678427,d__Bacteria; p__Spirochaetota; c__Spirochaetia; o__Spirochaetales; f__Spirochaetaceae; g__uncultured,FB,Fermentation bacteria (carbohydrate),refer to d__Bacteria;p__Spirochaetota;c__Spirochaetia;o__Spirochaetales;f__Spirochaetaceae;g__Sphaerochaeta
266,a823de6ff3d9e5008041bcd94766f41b,d__Bacteria; p__Spirochaetota; c__Brachyspirae; o__Brachyspirales; f__Brachyspirales_Incertae_Sedis; g__Exilispira; s__uncultured_bacterium,Other,Dark matter bacteria,https://doi.org/10.1099/ijs.0.65727-0
267,bb6ac4632e63f05197502bf761a46c34,d__Bacteria; p__Verrucomicrobiota; c__Verrucomicrobiae; o__Pedosphaerales; f__Pedosphaeraceae; g__Pedosphaeraceae,FB,Dark matter bacteria,https://onlinelibrary.wiley.com/doi/10.1002/mlf2.12060
268,7bd7ef4770a93e08581df9adef2569ce,d__Archaea; p__Euryarchaeota; c__Thermococci; o__Methanofastidiosales; f__Methanofastidiosaceae; g__Candidatus_Methanofastidiosum,MA,Methanogen,"Nobu, M. K., Narihiro, T., Kuroda, K., Mei, R. & Liu, W.-T. Chasing the elusive Euryarchaeota class WSA2: genomes reveal a uniquely fastidious methyl-reducing methanogen. The ISME journal 10, 2478-2487 (2016)."
269,ad062d5cc1875f490ec2df2480d9dbad,d__Archaea; p__Euryarchaeota; c__Methanobacteria; o__Methanobacteriales; f__Methanobacteriaceae; g__Methanobrevibacter; s__Methanobrevibacter_arboriphilus,MA,Methanogen,DOI: 10.1128/mr.43.2.260-296.1979
270,7ca0aa981440578673a435c612592e0b,d__Bacteria; p__Synergistota; c__Synergistia; o__Synergistales; f__Synergistaceae; g__Syner-01; s__uncultured_bacterium,FB,Fermentation bacteria (amino acid),https://doi.org/10.1099/00207713-49-2-975
271,f69d1c20210bcb4f10b7ceb7aa82e414,d__Bacteria; p__Caldatribacteriota; c__Caldatribacteriia; o__Caldatribacteriales; f__Caldatribacteriaceae; g__Candidatus_Caldatribacterium; s__Atribacteria_bacterium,FB,Fermentation bacteria (carbohydrate),https://www.nature.com/articles/ncomms2884
272,c790096a8b297d78d933da35914de0b0,d__Bacteria; p__Desulfobacterota; c__Syntrophorhabdia; o__Syntrophorhabdales; f__Syntrophorhabdaceae; g__Syntrophorhabdus,SB,Syntrophic bacteria,https://academic.oup.com/ismej/article/13/5/1252/7475146?login=true
273,a8f1172cd5341236c5e2a3ced113b0b2,d__Archaea; p__Halobacterota; c__Methanomicrobia; o__Methanomicrobiales; f__Methanospirillaceae; g__Methanospirillum; s__Methanospirillum_hungatei,MA,Methanogen,DOI:10.1099/00207713-35-2-122
274,18918d04fc9b70f4e69039e2aa84b5cb,d__Bacteria; p__Armatimonadota; c__Chthonomonadetes; o__Chthonomonadales; f__Chthonomonadales; g__Chthonomonadales; s__uncultured_bacterium,FB,Fermentation bacteria (carbohydrate),https://www.microbiologyresearch.org/content/journal/ijsem/10.1099/ijs.0.027235-0
275,10cbc5f3287efb8309938c7ac7debe4d,d__Bacteria; p__Spirochaetota; c__Spirochaetia; o__Spirochaetales; f__Spirochaetaceae; g__Spirochaeta; s__uncultured_soil,FB,Fermentation bacteria (carbohydrate),refer to d__Bacteria;p__Spirochaetota;c__Spirochaetia;o__Spirochaetales;f__Spirochaetaceae;g__Sphaerochaeta
276,39a3d81c1ad4a47f8d44936010d99762,d__Bacteria; p__Spirochaetota; c__Leptospirae; o__Leptospirales; f__Leptospiraceae; g__RBG-16-49-21; s__metagenome,FB,Fermentation bacteria (protein),refer to d__Bacteria;p__Spirochaetota;c__Leptospirae;o__Leptospirales;f__Leptospiraceae;g__Leptonema
277,82f5f3147c2537b15b50366eb2025ab6,d__Bacteria; p__Verrucomicrobiota; c__Verrucomicrobiae; o__Pedosphaerales; f__Pedosphaeraceae; g__Pedosphaeraceae; s__uncultured_bacterium,FB,Dark matter bacteria,https://onlinelibrary.wiley.com/doi/10.1002/mlf2.12060
278,451e5b937a6f7466ba1f4db77e8203fa,d__Bacteria; p__Armatimonadota; c__Chthonomonadetes; o__Chthonomonadales; f__Chthonomonadales; g__Chthonomonadales; s__Armatimonadetes_bacterium,FB,Fermentation bacteria (carbohydrate),https://www.microbiologyresearch.org/content/journal/ijsem/10.1099/ijs.0.027235-0
279,fb6efc0a2f02781f1c30a0e380ce74ee,d__Bacteria; p__Actinobacteriota; c__Actinobacteria; o__Propionibacteriales; f__Propionibacteriaceae; g__Propionicicella; s__uncultured_bacterium,FB,Fermentation bacteria (carbohydrate),10.1016/j.syapm.2005.11.004
280,cf2e308082199051f874c9c2ddeee39e,d__Bacteria; p__Desulfobacterota; c__Syntrophia; o__Syntrophales; f__uncultured; g__uncultured; s__Syntrophobacterales_bacterium,SB,Syntrophic bacteria,DOI:10.1099/00207713-39-4-686
281,cbbb2a8615d7e10636bd30fd7d7b68bb,d__Bacteria; p__Elusimicrobiota; c__Endomicrobia; o__Endomicrobiales; f__Endomicrobiaceae; g__Endomicrobium; s__uncultured_bacterium,FB,Dark matter bacteria,https://doi.org/10.1111/1462-2920.13195
282,e455379e9c4c172e828a72286f1b2f28,d__Bacteria; p__Verrucomicrobiota; c__Verrucomicrobiae; o__Pedosphaerales; f__Pedosphaeraceae; g__Pedosphaeraceae,FB,Dark matter bacteria,https://onlinelibrary.wiley.com/doi/10.1002/mlf2.12060
283,d4009126c80730cdc9c2a0f53e157172,d__Bacteria; p__Spirochaetota; c__Spirochaetia; o__Spirochaetales; f__Spirochaetaceae; g__Spirochaeta; s__uncultured_bacterium,FB,Fermentation bacteria (carbohydrate),refer to d__Bacteria;p__Spirochaetota;c__Spirochaetia;o__Spirochaetales;f__Spirochaetaceae;g__Sphaerochaeta
284,ed798775c56fbb89f0851644bc73f47e,d__Bacteria; p__FCPU426; c__FCPU426; o__FCPU426; f__FCPU426; g__FCPU426; s__uncultured_bacterium,Other,Dark matter bacteria,
285,4f4c9aa2f63e864d055a7b10871a299d,d__Bacteria; p__Edwardsbacteria; c__Edwardsbacteria; o__Edwardsbacteria; f__Edwardsbacteria; g__Edwardsbacteria; s__uncultured_bacterium,Other,Dark matter bacteria,
286,ba7792dcd5994878c0969fb91f12450b,d__Bacteria; p__Desulfobacterota; c__Syntrophia; o__Syntrophales; f__uncultured; g__uncultured,SB,Syntrophic bacteria,DOI:10.1038/415454a
287,a6928743c43db698831719d43331c1bb,d__Bacteria; p__Spirochaetota; c__Spirochaetia; o__Spirochaetales; f__Spirochaetaceae; g__Spirochaeta; s__uncultured_bacterium,FB,Fermentation bacteria (carbohydrate),refer to d__Bacteria;p__Spirochaetota;c__Spirochaetia;o__Spirochaetales;f__Spirochaetaceae;g__Sphaerochaeta
288,5a3d00e463260580da24962faa25eda8,d__Bacteria; p__Myxococcota; c__bacteriap25; o__bacteriap25; f__bacteriap25; g__bacteriap25,Other,Dark matter bacteria,
289,140977c838da96d0b2489555c53963ff,d__Bacteria; p__Armatimonadota; c__uncultured; o__uncultured; f__uncultured; g__uncultured; s__uncultured_bacterium,Other,Dark matter bacteria,
290,eeec1c5d0047b6771bacee2d906c23c0,d__Bacteria; p__Acidobacteriota; c__Thermoanaerobaculia; o__Thermoanaerobaculales; f__Thermoanaerobaculaceae; g__Thermoanaerobaculum; s__uncultured_bacterium,FB,Fermentation bacteria (protein),https://www.microbiologyresearch.org/content/journal/ijsem/10.1099/ijs.0.051425-0
291,c00d0de8b3242b2b6168e3b168c8b356,d__Bacteria; p__Dependentiae; c__Babeliae; o__Babeliales; f__Vermiphilaceae; g__Vermiphilaceae; s__uncultured_bacterium,Other,Dark matter bacteria,
292,c91954a376704ca352a46c2a7a716c64,d__Bacteria; p__Desulfobacterota; c__Desulfuromonadia; o__Geobacterales; f__Geobacteraceae,FB,Fermentation bacteria (carbohydrate),https://bmcgenomics.biomedcentral.com/articles/10.1186/1471-2164-11-490
293,13548fd5dca4995bdb940515ffb387f2,d__Bacteria; p__Bdellovibrionota; c__Oligoflexia; o__0319-6G20; f__0319-6G20; g__0319-6G20; s__uncultured_soil,Other,Dark matter bacteria,
294,729f43317b11378254955101f5d63440,d__Archaea; p__Nanoarchaeota; c__Nanoarchaeia; o__Woesearchaeales; f__Woesearchaeales; g__Woesearchaeales,FB,Dark matter archaea,https://pmc.ncbi.nlm.nih.gov/articles/PMC6349945/
295,35dbde30af820a2c3bcd85216229ad6a,d__Archaea; p__Halobacterota; c__Methanosarcinia; o__Methanosarciniales; f__Methanosarcinaceae; g__Methanosarcina,MA,Methanogen,https://doi.org/10.1002/9781118960608.gbm00519.pub2
296,fa54e8aeef3352e86d2be25a17728d2d,d__Bacteria; p__WPS-2; c__WPS-2; o__WPS-2; f__WPS-2; g__WPS-2; s__uncultured_bacterium,Other,Dark matter bacteria,
297,fb6ad9fdbe70522b3ce968bf17445105,d__Bacteria; p__Spirochaetota; c__Spirochaetia; o__Spirochaetales; f__Spirochaetaceae; g__uncultured,FB,Fermentation bacteria (carbohydrate),refer to d__Bacteria;p__Spirochaetota;c__Spirochaetia;o__Spirochaetales;f__Spirochaetaceae;g__Sphaerochaeta
298,aedb1dd754cee6d2f01e17b1b0011e6c,d__Bacteria; p__Elusimicrobiota; c__Elusimicrobia; o__Lineage_IV; f__Lineage_IV; g__Lineage_IV; s__uncultured_bacterium,Other,Other,
299,0fd237c1c9d5bb4b6b1d9a36f2dece88,d__Bacteria; p__Spirochaetota; c__Spirochaetia; o__Spirochaetales; f__Spirochaetaceae; g__Spirochaeta,FB,Fermentation bacteria (carbohydrate),refer to d__Bacteria;p__Spirochaetota;c__Spirochaetia;o__Spirochaetales;f__Spirochaetaceae;g__Sphaerochaeta
300,c9074d404129853fb004be69bd6861fb,d__Bacteria; p__Desulfobacterota; c__Desulfovibrionia; o__Desulfovibrionales; f__Desulfovibrionaceae; g__Desulfovibrio,Other,Other,https://pmc.ncbi.nlm.nih.gov/articles/PMC2271084/
301,211c2bf941e5c4e05078cf20a194b0be,d__Bacteria; p__SAR324_clade(Marine_group_B); c__SAR324_clade(Marine_group_B); o__SAR324_clade(Marine_group_B); f__SAR324_clade(Marine_group_B); g__SAR324_clade(Marine_group_B); s__uncultured_Desulfobulbaceae,Other,Dark matter bacteria,
302,7132fb07b4bb7bfeb6c6ff8c9afc48c5,d__Bacteria; p__Spirochaetota; c__Spirochaetia; o__Spirochaetales; f__Spirochaetaceae; g__uncultured; s__uncultured_bacterium,FB,Fermentation bacteria (carbohydrate),refer to d__Bacteria;p__Spirochaetota;c__Spirochaetia;o__Spirochaetales;f__Spirochaetaceae;g__Sphaerochaeta
303,e0b61cb39e041ad456f2796572ce89d8,d__Bacteria; p__Desulfobacterota; c__Syntrophorhabdia; o__Syntrophorhabdales; f__Syntrophorhabdaceae; g__Syntrophorhabdus; s__uncultured_bacterium,SB,Syntrophic bacteria,DOI:10.1099/ijs.0.65593-0
304,bbca5ad02000ba47a09a1329727f9463,d__Bacteria; p__Spirochaetota; c__Spirochaetia; o__Spirochaetales; f__Spirochaetaceae; g__uncultured; s__uncultured_organism,FB,Fermentation bacteria (carbohydrate),refer to d__Bacteria;p__Spirochaetota;c__Spirochaetia;o__Spirochaetales;f__Spirochaetaceae;g__Sphaerochaeta
305,19642e66a7a902f2f4f227921bbee18e,d__Bacteria; p__Spirochaetota; c__Spirochaetia; o__Spirochaetales; f__Spirochaetaceae; g__Treponema; s__uncultured_Spirochaeta,FB,Fermentation bacteria (carbohydrate),https://doi.org/10.1099/ijs.0.63388-0
306,aec12043e9fa014611a315ce585db959,d__Bacteria; p__Campilobacterota; c__Campylobacteria; o__Campylobacterales; f__Sulfurospirillaceae; g__Sulfurospirillum,Other,Other,https://pmc.ncbi.nlm.nih.gov/articles/PMC10591310/
307,fa8e5e27d8fba25e37fc05340a105914,d__Archaea; p__Thermoplasmatota; c__Thermoplasmata; o__Methanomassiliicoccales; f__Methanomassiliicoccaceae; g__Methanomassiliicoccus; s__uncultured_archaeon,MA,Methanogen,DOI:10.1099/ijs.0.033712-0
308,ea57da548f5bfaf3da92bfae88f57f58,d__Bacteria; p__Desulfobacterota; c__Desulfovibrionia; o__Desulfovibrionales; f__Desulfovibrionaceae; g__Desulfovibrio; s__uncultured_soil,Other,Other,https://pmc.ncbi.nlm.nih.gov/articles/PMC2271084/
309,2663abb3c6947c4e922fcf9655e2b98f,d__Bacteria; p__Spirochaetota; c__Spirochaetia; o__Spirochaetales; f__Spirochaetaceae; g__uncultured; s__uncultured_bacterium,FB,Fermentation bacteria (carbohydrate),refer to d__Bacteria;p__Spirochaetota;c__Spirochaetia;o__Spirochaetales;f__Spirochaetaceae;g__Sphaerochaeta
310,5de66afd9c0e688217cfc1635688aa81,d__Bacteria; p__Spirochaetota; c__Spirochaetia; o__Spirochaetales; f__Spirochaetaceae; g__Treponema,FB,Fermentation bacteria (carbohydrate),https://doi.org/10.1099/ijs.0.63388-0
311,9fb4bc5b1780bce289021bea5f453965,d__Bacteria; p__WS1; c__WS1; o__WS1; f__WS1; g__WS1; s__uncultured_bacterium,FB,Dark matter bacteria,https://www.nature.com/articles/s41467-019-09747-0
312,5b79f6ff66cb9204a255ff4f3e2ba83c,d__Bacteria; p__Synergistota; c__Synergistia; o__Synergistales; f__Synergistaceae; g__Lactivibrio,FB,Fermentation bacteria (amino acid),https://doi.org/10.1099/ijs.0.060681-0
313,fe15b1d86811b789456f8e483f7e8a4a,d__Bacteria; p__Synergistota; c__Synergistia; o__Synergistales; f__Synergistaceae; g__JGI-0000079-D21; s__uncultured_Synergistetes,FB,Fermentation bacteria (amino acid),https://doi.org/10.1099/00207713-49-2-975
314,a6f993f9da1b3083cc3735d3a0dcbb97,d__Archaea; p__Halobacterota; c__Methanocellia; o__Methanocellales; f__Methanocellaceae; g__Methanocella; s__uncultured_archaeon,MA,Methanogen,DOI:10.1099/ijs.0.65571-0
315,c934837e7b2fb47cc22fe7761acf6c03,d__Bacteria; p__Verrucomicrobiota; c__Kiritimatiellae; o__WCHB1-41; f__WCHB1-41; g__WCHB1-41; s__uncultured_Verrucomicrobia,FB,Dark matter bacteria,https://doi.org/10.3390/ani15111565
316,d2fd495f50fd9ee1bb779066a74086d7,d__Bacteria; p__Patescibacteria; c__Microgenomatia; o__Candidatus_Pacebacteria; f__Candidatus_Pacebacteria; g__Candidatus_Pacebacteria; s__candidate_division,FB,Dark matter bacteria,10.1128/aem.01409-22
317,5d22039d6c20f914869e5a9a675fb832,d__Archaea; p__Micrarchaeota; c__Micrarchaeia; o__Micrarchaeales; f__Micrarchaeales; g__Micrarchaeales; s__uncultured_crenarchaeote,FB,Dark matter archaea,https://www.nature.com/articles/s41396-017-0002-z
318,2db0f0abbb709c7123a745dbedc9b858,d__Bacteria; p__Verrucomicrobiota; c__Verrucomicrobiae; o__B29; f__B29; g__B29; s__uncultured_bacterium,Other,Dark matter bacteria,
319,ab7deaf5d710f38202e981d38a60ba24,d__Bacteria; p__Dependentiae; c__Babeliae; o__Babeliales; f__Vermiphilaceae; g__Vermiphilaceae; s__uncultured_bacterium,Other,Dark matter bacteria,
320,0ff78acf32b5dfc93d2c1eddb430d54d,d__Bacteria; p__Acidobacteriota; c__Acidobacteriae; o__Acidobacteriae; f__Acidobacteriae; g__Paludibaculum,FB,Fermentation bacteria (carbohydrate),https://www.microbiologyresearch.org/content/journal/ijsem/10.1099/ijs.0.066175-0
321,617eff5e78168b8da4a6e7d8c04fb03f,d__Archaea; p__Micrarchaeota; c__Micrarchaeia; o__Micrarchaeales; f__Micrarchaeales; g__Micrarchaeales; s__uncultured_euryarchaeote,FB,Dark matter archaea,https://www.nature.com/articles/s41396-017-0002-z
322,b1b3783bf16353d7fdbdecc4e830f1ca,d__Bacteria; p__Spirochaetota; c__Spirochaetia; o__Spirochaetales; f__Spirochaetaceae; g__uncultured,FB,Fermentation bacteria (carbohydrate),refer to d__Bacteria;p__Spirochaetota;c__Spirochaetia;o__Spirochaetales;f__Spirochaetaceae;g__Sphaerochaeta
323,0c87f0228e9e45203ae8833fd99c5fdc,d__Bacteria; p__Schekmanbacteria; c__Schekmanbacteria; o__Schekmanbacteria; f__Schekmanbacteria; g__Schekmanbacteria; s__uncultured_delta,FB,Dark matter bacteria,10.3390/microorganisms10112232
324,e521a5f0559bea1c55fb62333c99c804,d__Bacteria; p__Verrucomicrobiota; c__Verrucomicrobiae; o__Pedosphaerales; f__Pedosphaeraceae; g__Pedosphaeraceae; s__uncultured_bacterium,FB,Dark matter bacteria,https://onlinelibrary.wiley.com/doi/10.1002/mlf2.12060
325,7d7a0d82d79761c5dc37b3e391838274,d__Bacteria; p__Fibrobacterota; c__Chitinivibrionia; o__uncultured; f__uncultured; g__uncultured; s__uncultured_bacterium,Other,Dark matter bacteria,
326,ba0a64e266935b4a2409b16ef145626a,d__Bacteria; p__Myxococcota; c__Myxococcia; o__Myxococcales; f__Myxococcaceae; g__uncultured; s__uncultured_Archangiaceae,FB,Fermentation bacteria (carbohydrate),10.1128/mr.54.4.473-501.1990
327,1f9bb5042ca87f7f0212ff90bfd91f59,d__Bacteria; p__Armatimonadota; c__uncultured; o__uncultured; f__uncultured; g__uncultured; s__uncultured_bacterium,Other,Dark matter bacteria,
328,a9b63ba0c6d031624ed59b48e26ce7ec,d__Bacteria; p__Actinobacteriota; c__Actinobacteria; o__Propionibacteriales; f__Propionibacteriaceae; g__Propioniciclava; s__uncultured_bacterium,FB,Fermentation bacteria (carbohydrate),10.1099/ijs.0.027482-0
329,62e3b0025d339d4481a45a0f0aadacfe,d__Bacteria; p__Caldisericota; c__Caldisericia; o__Caldisericales; f__LF045; g__LF045; s__uncultured_bacterium,Other,Dark matter bacteria,
330,439546c0e7ef7bc781435cdc860a3e1d,d__Bacteria; p__Spirochaetota; c__Leptospirae; o__Leptospirales; f__Leptospiraceae; g__RBG-16-49-21; s__bacterium_enrichment,FB,Fermentation bacteria (protein),refer to d__Bacteria;p__Spirochaetota;c__Leptospirae;o__Leptospirales;f__Leptospiraceae;g__Leptonema
331,fd5b417730512eaab8bdf1ee35824024,d__Bacteria; p__Synergistota; c__Synergistia; o__Synergistales; f__Synergistaceae; g__JGI-0000079-D21; s__uncultured_Synergistetes,FB,Fermentation bacteria (amino acid),https://doi.org/10.1099/00207713-49-2-975
332,12dcc955cb8c7b33a0e2d39c4f796ca9,d__Bacteria; p__Sumerlaeota; c__Sumerlaeia; o__uncultured; f__uncultured; g__uncultured; s__uncultured_bacterium,Other,Dark matter bacteria,
333,d34861dce884e40cf9222365b38b1e01,d__Bacteria; p__Patescibacteria; c__Microgenomatia; o__Candidatus_Woesebacteria; f__Candidatus_Woesebacteria; g__Candidatus_Woesebacteria; s__Candidatus_Woesebacteria,FB,Fermentation bacteria (protein),DOI:10.1038/nature14486
334,3a3a9446e60af525c4adaed44d79cd4f,d__Bacteria; p__Spirochaetota; c__Spirochaetia; o__Spirochaetales; f__Spirochaetaceae; g__Spirochaeta; s__uncultured_bacterium,FB,Fermentation bacteria (carbohydrate),refer to d__Bacteria;p__Spirochaetota;c__Spirochaetia;o__Spirochaetales;f__Spirochaetaceae;g__Sphaerochaeta
335,b8483c095e6db3b7c79de79a58f2237e,d__Bacteria; p__Nitrospirota; c__4-29-1; o__4-29-1; f__4-29-1; g__4-29-1; s__uncultured_bacterium,Other,Dark matter bacteria,
336,d86e1406fcd8229e2cd6bf2375ba6a0b,d__Bacteria; p__Verrucomicrobiota; c__Omnitrophia; o__Omnitrophales; f__Omnitrophaceae; g__Candidatus_Omnitrophus,FB,Dark matter bacteria,https://doi.org/10.1111/1462-2920.16170
337,ee339b7b86d21fe7f5ee7fb5d7f6f2e5,d__Bacteria; p__Fermentibacterota; c__Fermentibacteria; o__Fermentibacterales; f__Fermentibacteraceae; g__Fermentibacteraceae; s__uncultured_bacterium,FB,Fermentation bacteria (carbohydrate),DOI:10.1111/1462-2920.13161
338,3b99b1f37641e44684e8b8e066a02010,d__Bacteria; p__Spirochaetota; c__Spirochaetia; o__Spirochaetales; f__Spirochaetaceae; g__Spirochaeta; s__uncultured_bacterium,FB,Fermentation bacteria (carbohydrate),refer to d__Bacteria;p__Spirochaetota;c__Spirochaetia;o__Spirochaetales;f__Spirochaetaceae;g__Sphaerochaeta
339,5f5ee3622f281966a3382ef0553b145c,d__Bacteria; p__WPS-2; c__WPS-2; o__WPS-2; f__WPS-2; g__WPS-2; s__Burkholderiales_bacterium,Other,Dark matter bacteria,
340,31a2e9e0ec228cd26b3d9f9ee250084d,d__Bacteria; p__Verrucomicrobiota; c__Omnitrophia; o__Omnitrophales; f__Omnitrophaceae; g__Candidatus_Omnitrophus; s__uncultured_bacterium,FB,Dark matter bacteria,DOI:10.1111/j.1462-2920.2009.02045.x
341,28c3f6d84f4ba7008473a41f5cb7bd8a,d__Bacteria,Other,Other,
342,ccd1cca0a07854e174243126d86c04be,d__Bacteria; p__Desulfobacterota; c__Desulfomonilia; o__Desulfomonilales; f__Desulfomonilaceae; g__Desulfomonile; s__uncultured_bacterium,Other,Other,https://www.nature.com/articles/srep19181
343,1d4504b38f6de9905051ae2a647aa6f4,d__Bacteria,Other,Other,
344,5e3503633939db27b3647baf1f2b2926,d__Archaea; p__Euryarchaeota; c__Methanobacteria; o__Methanobacteriales; f__Methanobacteriaceae; g__Methanobacterium,MA,Methanogen,"Kern, T., Linge, M. & Rother, M. Methanobacterium aggregans sp. nov., a hydrogenotrophic methanogenic archaeon isolated from an anaerobic digester. International Journal of Systematic and Evolutionary Microbiology 65, 1975-1980 (2015)."
345,e160f2d37330f8a3f9c7d9241ad27926,d__Bacteria; p__Verrucomicrobiota; c__Verrucomicrobiae; o__Pedosphaerales; f__Pedosphaeraceae; g__Pedosphaeraceae; s__uncultured_bacterium,FB,Dark matter bacteria,https://onlinelibrary.wiley.com/doi/10.1002/mlf2.12060
346,4085a7671ac01d78f89cc47bc6f80b7d,d__Bacteria; p__Cloacimonadota; c__Cloacimonadia; o__Cloacimonadales; f__Cloacimonadaceae; g__LNR_A2-18; s__uncultured_bacterium,SB,Dark matter bacteria,https://pubmed.ncbi.nlm.nih.gov/30985964/
347,1c11db9d9761513b13a8e7a53de77143,d__Bacteria; p__Desulfobacterota; c__Syntrophorhabdia; o__Syntrophorhabdales; f__Syntrophorhabdaceae; g__Syntrophorhabdus; s__uncultured_bacterium,SB,Syntrophic bacteria,DOI:10.1099/ijs.0.65593-0
348,bd346feee0794f83440e9d39ad2390b0,d__Archaea; p__Crenarchaeota; c__Bathyarchaeia; o__Bathyarchaeia; f__Bathyarchaeia; g__Bathyarchaeia; s__uncultured_euryarchaeote,FB,Dark matter archaea,DOI:10.1038/nature12033
349,0354f3b4752640e73a5a5cc2107805e0,d__Bacteria; p__Patescibacteria; c__Berkelbacteria; o__Berkelbacteria; f__Berkelbacteria; g__Berkelbacteria; s__uncultured_bacterium,FB,Dark matter bacteria,https://www.nature.com/articles/ismej2013249
350,50ce9e935ba0b5520cc1f40b3115e1e5,d__Bacteria; p__Verrucomicrobiota; c__Omnitrophia; o__Omnitrophales; f__Omnitrophaceae; g__Candidatus_Omnitrophus; s__uncultured_bacterium,FB,Dark matter bacteria,https://doi.org/10.1111/1462-2920.16170
351,589fec54974912ab88dddebc67b56f48,d__Bacteria; p__Verrucomicrobiota; c__Verrucomicrobiae; o__Pedosphaerales; f__Pedosphaeraceae; g__uncultured; s__uncultured_bacterium,FB,Dark matter bacteria,https://onlinelibrary.wiley.com/doi/10.1002/mlf2.12060
352,5b1e1cf5993a1b5ab7467ae5ebe4d8a4,d__Bacteria; p__Armatimonadota; c__uncultured; o__uncultured; f__uncultured; g__uncultured; s__uncultured_soil,Other,Dark matter bacteria,
353,a960c329aa5345029b91fc8157f7a8c0,d__Bacteria; p__Verrucomicrobiota; c__Kiritimatiellae; o__WCHB1-41; f__WCHB1-41; g__WCHB1-41; s__uncultured_soil,FB,Dark matter bacteria,https://doi.org/10.3390/ani15111565
354,d5e7d902571a3170d14550371339137b,d__Archaea; p__Halobacterota; c__Methanocellia; o__Methanocellales; f__Methanocellaceae; g__Methanocella,MA,Methanogen,DOI:10.1099/ijs.0.65571-0
355,f145b2866df22368e0003f3c34d479df,d__Archaea; p__Nanoarchaeota; c__Nanoarchaeia; o__Woesearchaeales; f__GW2011_GWC1_47_15; g__GW2011_GWC1_47_15; s__uncultured_archaeon,FB,Dark matter archaea,https://pmc.ncbi.nlm.nih.gov/articles/PMC6349945/
356,58b1aa3c3a36f99fc17d6009482f9fd3,d__Bacteria; p__Spirochaetota; c__Brevinematia; o__Brevinematales; f__Brevinemataceae; g__Brevinema; s__uncultured_bacterium,Other,Other,https://www.microbiologyresearch.org/content/journal/ijsem/10.1099/00207713-45-1-78
357,dbea7c4ea4d09baea950e762b8f93200,d__Bacteria; p__Desulfobacterota; c__uncultured; o__uncultured; f__uncultured; g__uncultured; s__uncultured_delta,Other,Dark matter bacteria,
358,16ed55d9b8fb7e1d687dfc3abfd18982,d__Bacteria; p__Spirochaetota; c__Leptospirae; o__Leptospirales; f__Leptospiraceae; g__RBG-16-49-21; s__uncultured_bacterium,FB,Fermentation bacteria (protein),refer to d__Bacteria;p__Spirochaetota;c__Leptospirae;o__Leptospirales;f__Leptospiraceae;g__Leptonema
359,8c9ac5aa9b4a21f751d8f4645c028b19,d__Bacteria; p__Armatimonadota; c__uncultured; o__uncultured; f__uncultured; g__uncultured; s__uncultured_bacterium,Other,Dark matter bacteria,
360,491dbf5edc4c7fc89c82d455a31b8c71,d__Bacteria; p__FCPU426; c__FCPU426; o__FCPU426; f__FCPU426; g__FCPU426; s__uncultured_bacterium,Other,Dark matter bacteria,
361,38711b556fcd696f2e75cc39fd375e83,d__Bacteria; p__Desulfobacterota; c__Syntrophorhabdia; o__Syntrophorhabdales; f__Syntrophorhabdaceae; g__Syntrophorhabdus,SB,Syntrophic bacteria,https://academic.oup.com/ismej/article/13/5/1252/7475146?login=true
362,355e3068d783526c6150d4476086d035,d__Bacteria; p__Myxococcota; c__Polyangia; o__Polyangiales; f__Phaselicystidaceae; g__Phaselicystis; s__uncultured_bacterium,FB,Fermentation bacteria (carbohydrate),https://doi.org/10.1099/ijs.0.003814-0
363,a04184c8ef191f95dc931cdbf2539118,d__Bacteria; p__Myxococcota; c__Polyangia; o__UASB-TL25; f__UASB-TL25; g__UASB-TL25; s__uncultured_bacterium,FB,Fermentation bacteria (carbohydrate),refer to d__Bacteria;p__Myxococcota;c__Polyangia;o__Polyangiales;f__Phaselicystidaceae;g__Phaselicystis
364,7d20cc5229aa08ceed55f41ee381f8c0,d__Archaea; p__Halobacterota; c__Methanomicrobia; o__Methanomicrobiales; f__Methanoregulaceae; g__Methanolinea,MA,Methanogen,https://doi.org/10.1002/9781118960608.gbm01367
365,e2c1dc4cef4a6ed1007b11024418ed11,d__Bacteria; p__TA06; c__TA06; o__TA06; f__TA06; g__TA06; s__uncultured_soil,Other,Dark matter bacteria,
366,7636fcaef0049baa7903db688ed38eb1,d__Bacteria; p__Actinobacteriota; c__Thermoleophilia; o__Gaiellales; f__uncultured; g__uncultured; s__uncultured_prokaryote,FB,Fermentation bacteria (carbohydrate),https://doi.org/10.1002/9781118960608.obm00189
367,c76425e1a3414e873a55408dcbcc6f63,d__Bacteria; p__Patescibacteria; c__Microgenomatia; o__Candidatus_Woesebacteria; f__Candidatus_Woesebacteria; g__Candidatus_Woesebacteria; s__uncultured_eubacterium,FB,Fermentation bacteria (protein),DOI:10.1038/nature14486
368,18375b0ee098de3116d69cbb5f1064f6,d__Archaea; p__Nanoarchaeota; c__Nanoarchaeia; o__Woesearchaeales; f__Woesearchaeales; g__Woesearchaeales; s__uncultured_euryarchaeote,FB,Dark matter archaea,https://pmc.ncbi.nlm.nih.gov/articles/PMC6349945/
369,c4f9fb481fab395c765f8c8587731d08,d__Bacteria; p__Latescibacterota; c__Latescibacteria; o__Latescibacterales; f__Latescibacteraceae; g__Candidatus_Latescibacter; s__uncultured_bacterium,FB,Dark matter bacteria,https://doi.org/10.3390/ani14111657
370,e0ea8a81bdc306a5fd5ee12c084421c1,d__Archaea; p__Nanoarchaeota; c__Nanoarchaeia; o__Woesearchaeales; f__SCGC_AAA011-D5; g__SCGC_AAA011-D5; s__Candidatus_Diapherotrites,FB,Dark matter archaea,https://pmc.ncbi.nlm.nih.gov/articles/PMC6349945/
371,846178ce3d50764a165570c7b955d92b,d__Bacteria; p__Spirochaetota; c__Spirochaetia; o__Spirochaetales; f__Spirochaetaceae; g__Spirochaeta; s__uncultured_soil,FB,Fermentation bacteria (carbohydrate),refer to d__Bacteria;p__Spirochaetota;c__Spirochaetia;o__Spirochaetales;f__Spirochaetaceae;g__Sphaerochaeta
372,c31c27e54aa012ffb977f7f80d193e0a,d__Bacteria; p__Cloacimonadota; c__Cloacimonadia; o__Cloacimonadales; f__Cloacimonadaceae; g__Cloacimonadaceae; s__uncultured_bacterium,SB,Syntrophic bacteria,https://pubmed.ncbi.nlm.nih.gov/30985964/
373,a91e406b041a854fc85e77ffd7002f95,d__Bacteria; p__Sumerlaeota; c__Sumerlaeia; o__Sumerlaeales; f__Sumerlaeaceae; g__Sumerlaea,FB,Dark matter bacteria,10.1016/j.syapm.2018.08.013
374,7e397c757cfb8456415828702bb2a785,d__Archaea; p__Crenarchaeota; c__Methanomethylicia; o__Methanomethyliales; f__Methanomethyliaceae; g__Candidatus_Methanomethylicus; s__uncultured_archaeon,MA,Methanogen,https://www.nature.com/articles/nmicrobiol2016170
375,f206ed236b06ad33a8e5b841facff3ab,d__Bacteria; p__Desulfobacterota; c__uncultured; o__uncultured; f__uncultured; g__uncultured; s__uncultured_microorganism,Other,Dark matter bacteria,
376,e614590c95150922141c21bcd45179b6,d__Bacteria; p__Sumerlaeota; c__Sumerlaeia; o__Sumerlaeales; f__Sumerlaeaceae; g__Sumerlaea; s__uncultured_bacterium,FB,Dark matter bacteria,10.1016/j.syapm.2018.08.013
377,c38b8d0e6829cc7a94e0f303e296cc1c,d__Archaea,Other,Other,
378,469035ca3edd11c52d659ae1772787c8,d__Bacteria; p__Spirochaetota; c__Spirochaetia; o__Spirochaetales; f__Spirochaetaceae; g__Spirochaeta,FB,Fermentation bacteria (carbohydrate),https://doi.org/10.1099/00207713-46-1-305
379,e32755d0565174e7bcd0a01056d3349f,d__Bacteria; p__Dependentiae; c__Babeliae; o__Babeliales; f__Babeliales; g__Babeliales; s__uncultured_bacterium,Other,Dark matter bacteria,
380,a5d153e62decebd823a6a9325a2b7f09,d__Bacteria; p__Latescibacterota; c__Latescibacterota; o__Latescibacterota; f__Latescibacterota; g__Latescibacterota; s__uncultured_bacterium,FB,Other,https://doi.org/10.3390/ani14111657
381,796571f2c8b08f25679114b63860e300,d__Bacteria; p__Actinobacteriota; c__Thermoleophilia; o__Gaiellales; f__uncultured; g__uncultured,FB,Fermentation bacteria (carbohydrate),https://doi.org/10.1002/9781118960608.obm00189
382,fa3572323dfe6445203664d957bd480e,d__Bacteria; p__Verrucomicrobiota; c__Kiritimatiellae; o__WCHB1-41; f__WCHB1-41; g__WCHB1-41,FB,Dark matter bacteria,https://doi.org/10.3390/ani15111565
383,4a978b00477f3bdf0aa047f4e070ad31,d__Bacteria; p__Spirochaetota; c__Brevinematia; o__Brevinematales; f__Brevinemataceae; g__Brevinema; s__uncultured_bacterium,Other,Other,https://www.microbiologyresearch.org/content/journal/ijsem/10.1099/00207713-45-1-78
384,896aea06a85254fd4cf1072fa8209230,d__Archaea; p__Thermoplasmatota; c__Thermoplasmata,Other,Other,
385,4194cabac125e678b73549207c64a4ec,d__Bacteria; p__Actinobacteriota; c__Thermoleophilia; o__Gaiellales; f__uncultured; g__uncultured,FB,Fermentation bacteria (carbohydrate),https://doi.org/10.1002/9781118960608.obm00189
386,180f927d38f9ba1241b9e6053ac5e9ff,d__Archaea; p__Thermoplasmatota; c__Thermoplasmata; o__Methanomassiliicoccales; f__Methanomassiliicoccaceae; g__uncultured; s__uncultured_archaeon,MA,Methanogen,DOI:10.1099/ijs.0.033712-0
387,fe320363cdb8d758001fd950c6dbccaa,d__Bacteria; p__Zixibacteria; c__Zixibacteria; o__Zixibacteria; f__Zixibacteria; g__Zixibacteria; s__uncultured_bacterium,Other,Other,https://pmc.ncbi.nlm.nih.gov/articles/PMC11821767/
388,fc298028f78749001eee03f9b821bcf2,d__Bacteria; p__Verrucomicrobiota; c__Omnitrophia; o__Omnitrophales; f__Omnitrophaceae; g__Candidatus_Omnitrophus; s__uncultured_bacterium,FB,Dark matter bacteria,https://doi.org/10.1111/1462-2920.16170
389,869836db761b0973cc63071766d71b97,d__Bacteria; p__Verrucomicrobiota; c__Omnitrophia; o__Omnitrophales; f__Omnitrophaceae; g__Candidatus_Omnitrophus,FB,Dark matter bacteria,https://doi.org/10.1111/1462-2920.16170
390,f3e678da1368cee8f7b2fbfffc332b33,d__Bacteria; p__Hydrogenedentes; c__Hydrogenedentia; o__Hydrogenedentiales; f__Hydrogenedensaceae; g__Hydrogenedensaceae; s__uncultured_bacterium,Other,Dark matter bacteria,
391,08f65769d84b2dbb55d06106606eec13,d__Archaea; p__Halobacterota; c__Methanomicrobia; o__Methanomicrobiales; f__Methanoregulaceae; g__Methanoregula,MA,Methanogen,https://doi.org/10.1002/9781118960608.gbm01368
392,910bdb1343953fa21b0a17a22fd81d85,d__Bacteria; p__Latescibacterota; c__Latescibacteria; o__Latescibacterales; f__Latescibacteraceae; g__Candidatus_Latescibacter; s__uncultured_bacterium,FB,Dark matter bacteria,https://doi.org/10.3390/ani14111657
